relative_path,bytes,pages,text_chars,status,text_file
1.0 Maintenance & Repair\1.01 Preventive Maintenance\1. Strategic\8 Step Preventive Maintenance Process (Spanish).pdf,256753,6,13692,ok,texts\1.0 Maintenance & Repair__1.01 Preventive Maintenance__1. Strategic__8 Step Preventive Maintenance Process (Spanish).txt
1.0 Maintenance & Repair\1.01 Preventive Maintenance\1. Strategic\8 Step Preventive Maintenance Process.pdf,475748,7,13570,ok,texts\1.0 Maintenance & Repair__1.01 Preventive Maintenance__1. Strategic__8 Step Preventive Maintenance Process.txt
1.0 Maintenance & Repair\1.01 Preventive Maintenance\1. Strategic\Goals & Objectives for Preventive Maintenance.pdf,1941691,6,15495,ok,texts\1.0 Maintenance & Repair__1.01 Preventive Maintenance__1. Strategic__Goals & Objectives for Preventive Maintenance.txt
1.0 Maintenance & Repair\1.01 Preventive Maintenance\1. Strategic\Preventive Maintenance Strategy (Spanish).pdf,285491,17,50011,ok,texts\1.0 Maintenance & Repair__1.01 Preventive Maintenance__1. Strategic__Preventive Maintenance Strategy (Spanish).txt
1.0 Maintenance & Repair\1.01 Preventive Maintenance\1. Strategic\Preventive Maintenance Strategy.pdf,544768,17,44771,ok,texts\1.0 Maintenance & Repair__1.01 Preventive Maintenance__1. Strategic__Preventive Maintenance Strategy.txt
1.0 Maintenance & Repair\1.01 Preventive Maintenance\2. Tactical\D10 Roller Retainer ARM Coating.pdf,878406,8,9178,ok,texts\1.0 Maintenance & Repair__1.01 Preventive Maintenance__2. Tactical__D10 Roller Retainer ARM Coating.txt
1.0 Maintenance & Repair\1.01 Preventive Maintenance\2. Tactical\Electrical System Preventive Maintenance.pdf,4699608,17,15959,ok,texts\1.0 Maintenance & Repair__1.01 Preventive Maintenance__2. Tactical__Electrical System Preventive Maintenance.txt
1.0 Maintenance & Repair\1.01 Preventive Maintenance\2. Tactical\Expanded Mining Products In-Pit Workshop.pdf,423825,6,10251,ok,texts\1.0 Maintenance & Repair__1.01 Preventive Maintenance__2. Tactical__Expanded Mining Products In-Pit Workshop.txt
1.0 Maintenance & Repair\1.01 Preventive Maintenance\2. Tactical\Gasoline Engine Powered Filter Cart.pdf,259075,4,4893,ok,texts\1.0 Maintenance & Repair__1.01 Preventive Maintenance__2. Tactical__Gasoline Engine Powered Filter Cart.txt
1.0 Maintenance & Repair\1.01 Preventive Maintenance\2. Tactical\HMS Mobile Elevated Workshop.pdf,563499,9,14311,ok,texts\1.0 Maintenance & Repair__1.01 Preventive Maintenance__2. Tactical__HMS Mobile Elevated Workshop.txt
1.0 Maintenance & Repair\1.01 Preventive Maintenance\2. Tactical\Improved PM Operations with Specialized Bay.pdf,39218307,7,10203,ok,texts\1.0 Maintenance & Repair__1.01 Preventive Maintenance__2. Tactical__Improved PM Operations with Specialized Bay.txt
1.0 Maintenance & Repair\1.01 Preventive Maintenance\2. Tactical\Improving Availability through Dealer Customer PM Partnering.pdf,292800,4,7117,ok,texts\1.0 Maintenance & Repair__1.01 Preventive Maintenance__2. Tactical__Improving Availability through Dealer Customer PM Partnering.txt
1.0 Maintenance & Repair\1.01 Preventive Maintenance\2. Tactical\Inversion of the body pivot pins on mining trucks.pdf,1010289,5,6691,ok,texts\1.0 Maintenance & Repair__1.01 Preventive Maintenance__2. Tactical__Inversion of the body pivot pins on mining trucks.txt
1.0 Maintenance & Repair\1.01 Preventive Maintenance\2. Tactical\Pressurize OHT Air Induction System to Check for Leaks.pdf,942301,6,7363,ok,texts\1.0 Maintenance & Repair__1.01 Preventive Maintenance__2. Tactical__Pressurize OHT Air Induction System to Check for Leaks.txt
1.0 Maintenance & Repair\1.01 Preventive Maintenance\2. Tactical\Saving Hydraulic Oil during Inspect Torque Converter Sump Screen.pdf,151196,5,6649,ok,texts\1.0 Maintenance & Repair__1.01 Preventive Maintenance__2. Tactical__Saving Hydraulic Oil during Inspect Torque Converter Sump Screen.txt
1.0 Maintenance & Repair\1.01 Preventive Maintenance\2. Tactical\Using BUILDER™ to Generate the Most Comprehensive PM Checklist.pdf,876762,6,6946,ok,texts\1.0 Maintenance & Repair__1.01 Preventive Maintenance__2. Tactical__Using BUILDER™ to Generate the Most Comprehensive PM Checklist.txt
1.0 Maintenance & Repair\1.01 Preventive Maintenance\2. Tactical\Using VIMStm Data for Pre PM Analysis.pdf,124662,4,6895,ok,texts\1.0 Maintenance & Repair__1.01 Preventive Maintenance__2. Tactical__Using VIMStm Data for Pre PM Analysis.txt
1.0 Maintenance & Repair\1.01 Preventive Maintenance\3. Quick Win\C175 Engine Oil Change.pdf,85664,4,5314,ok,texts\1.0 Maintenance & Repair__1.01 Preventive Maintenance__3. Quick Win__C175 Engine Oil Change.txt
1.0 Maintenance & Repair\1.01 Preventive Maintenance\3. Quick Win\Cooling System Performance for Large Wheel Loaders 994.pdf,422676,8,9552,ok,texts\1.0 Maintenance & Repair__1.01 Preventive Maintenance__3. Quick Win__Cooling System Performance for Large Wheel Loaders 994.txt
1.0 Maintenance & Repair\1.01 Preventive Maintenance\3. Quick Win\Cooling System Thermal Inspection.pdf,363949,7,10774,ok,texts\1.0 Maintenance & Repair__1.01 Preventive Maintenance__3. Quick Win__Cooling System Thermal Inspection.txt
1.0 Maintenance & Repair\1.01 Preventive Maintenance\3. Quick Win\OHT Transmission and Hydraulic Filter Replacement Tool.pdf,1038262,4,5514,ok,texts\1.0 Maintenance & Repair__1.01 Preventive Maintenance__3. Quick Win__OHT Transmission and Hydraulic Filter Replacement Tool.txt
1.0 Maintenance & Repair\1.01 Preventive Maintenance\3. Quick Win\Sensor Fault Diagnosis Simulator Device.pdf,1754309,10,11516,ok,texts\1.0 Maintenance & Repair__1.01 Preventive Maintenance__3. Quick Win__Sensor Fault Diagnosis Simulator Device.txt
1.0 Maintenance & Repair\1.01 Preventive Maintenance\3. Quick Win\Universal base for track type tractors final drives.pdf,1492391,11,7798,ok,texts\1.0 Maintenance & Repair__1.01 Preventive Maintenance__3. Quick Win__Universal base for track type tractors final drives.txt
1.0 Maintenance & Repair\1.01 Preventive Maintenance\3. Quick Win\Used Oil Drain Fixture For OHT Final Drives.pdf,2006470,6,5131,ok,texts\1.0 Maintenance & Repair__1.01 Preventive Maintenance__3. Quick Win__Used Oil Drain Fixture For OHT Final Drives.txt
1.0 Maintenance & Repair\1.01 Preventive Maintenance\3. Quick Win\Wheel Loader Lubricated Pin Inspection.pdf,170653,5,7721,ok,texts\1.0 Maintenance & Repair__1.01 Preventive Maintenance__3. Quick Win__Wheel Loader Lubricated Pin Inspection.txt
1.0 Maintenance & Repair\1.02 Condition Monitoring\1. Strategic\Condition Monitoring Strategy.pdf,1791651,13,33516,ok,texts\1.0 Maintenance & Repair__1.02 Condition Monitoring__1. Strategic__Condition Monitoring Strategy.txt
1.0 Maintenance & Repair\1.02 Condition Monitoring\1. Strategic\Magnetic Plug Inspection Trays and Inspection Process.pdf,154242,3,6161,ok,texts\1.0 Maintenance & Repair__1.02 Condition Monitoring__1. Strategic__Magnetic Plug Inspection Trays and Inspection Process.txt
1.0 Maintenance & Repair\1.02 Condition Monitoring\2. Tactical\Communicating VIMS Events Using Critical Event Advice.pdf,667718,8,11332,ok,texts\1.0 Maintenance & Repair__1.02 Condition Monitoring__2. Tactical__Communicating VIMS Events Using Critical Event Advice.txt
1.0 Maintenance & Repair\1.02 Condition Monitoring\2. Tactical\Condition Monitoring - Field Inspection.pdf,4942025,8,12404,ok,texts\1.0 Maintenance & Repair__1.02 Condition Monitoring__2. Tactical__Condition Monitoring - Field Inspection.txt
1.0 Maintenance & Repair\1.02 Condition Monitoring\2. Tactical\Electronic Data Usage for Equipment Management on Construction Projects.pdf,114431,4,7588,error,
1.0 Maintenance & Repair\1.02 Condition Monitoring\2. Tactical\Fuel Consumption Large Track-Type Tractor Production Study.pdf,4101314,6,13024,ok,texts\1.0 Maintenance & Repair__1.02 Condition Monitoring__2. Tactical__Fuel Consumption Large Track-Type Tractor Production Study.txt
1.0 Maintenance & Repair\1.02 Condition Monitoring\2. Tactical\Maintenance Planning for OHT Bodies.pdf,4537674,7,10047,ok,texts\1.0 Maintenance & Repair__1.02 Condition Monitoring__2. Tactical__Maintenance Planning for OHT Bodies.txt
1.0 Maintenance & Repair\1.02 Condition Monitoring\2. Tactical\Managing Fuel Consumption Reduces Cost.pdf,109178,5,8141,ok,texts\1.0 Maintenance & Repair__1.02 Condition Monitoring__2. Tactical__Managing Fuel Consumption Reduces Cost.txt
1.0 Maintenance & Repair\1.02 Condition Monitoring\2. Tactical\Use of a Hot Sheet for Component Management.pdf,100937,7,14071,ok,texts\1.0 Maintenance & Repair__1.02 Condition Monitoring__2. Tactical__Use of a Hot Sheet for Component Management.txt
1.0 Maintenance & Repair\1.02 Condition Monitoring\2. Tactical\Using VIMS TKPH Feature to Control Heat-Related Tire Failures.pdf,2621718,6,10080,ok,texts\1.0 Maintenance & Repair__1.02 Condition Monitoring__2. Tactical__Using VIMS TKPH Feature to Control Heat-Related Tire Failures.txt
1.0 Maintenance & Repair\1.02 Condition Monitoring\2. Tactical\Using VIMS to Manage Overcooled Engines.pdf,119121,7,11803,ok,texts\1.0 Maintenance & Repair__1.02 Condition Monitoring__2. Tactical__Using VIMS to Manage Overcooled Engines.txt
1.0 Maintenance & Repair\1.02 Condition Monitoring\2. Tactical\Using VIMS® to Determine Air Filter Replacement Intervals.pdf,76093,5,10419,ok,texts\1.0 Maintenance & Repair__1.02 Condition Monitoring__2. Tactical__Using VIMS® to Determine Air Filter Replacement Intervals.txt
1.0 Maintenance & Repair\1.02 Condition Monitoring\2. Tactical\Utilization of Existing Onboard Electronics.pdf,306001,9,21651,ok,texts\1.0 Maintenance & Repair__1.02 Condition Monitoring__2. Tactical__Utilization of Existing Onboard Electronics.txt
1.0 Maintenance & Repair\1.02 Condition Monitoring\2. Tactical\Utilizing VIMS Data for Effective Planned Maintenance.pdf,1334520,5,6447,ok,texts\1.0 Maintenance & Repair__1.02 Condition Monitoring__2. Tactical__Utilizing VIMS Data for Effective Planned Maintenance.txt
1.0 Maintenance & Repair\1.02 Condition Monitoring\3. Quick Win\Applying Heat Tabs on 3400 3500 C-Series Engine Cylinder Heads.pdf,537233,5,5986,ok,texts\1.0 Maintenance & Repair__1.02 Condition Monitoring__3. Quick Win__Applying Heat Tabs on 3400 3500 C-Series Engine Cylinder Heads.txt
1.0 Maintenance & Repair\1.02 Condition Monitoring\3. Quick Win\Fluid Analysis Sampling Cart.pdf,211736,8,10218,ok,texts\1.0 Maintenance & Repair__1.02 Condition Monitoring__3. Quick Win__Fluid Analysis Sampling Cart.txt
1.0 Maintenance & Repair\1.02 Condition Monitoring\3. Quick Win\Magnetic Plug for Motor Grader Tandem Case.pdf,120162,5,7960,ok,texts\1.0 Maintenance & Repair__1.02 Condition Monitoring__3. Quick Win__Magnetic Plug for Motor Grader Tandem Case.txt
1.0 Maintenance & Repair\1.02 Condition Monitoring\3. Quick Win\Oil Filter Cutting Bench.pdf,286617,5,8342,ok,texts\1.0 Maintenance & Repair__1.02 Condition Monitoring__3. Quick Win__Oil Filter Cutting Bench.txt
1.0 Maintenance & Repair\1.02 Condition Monitoring\3. Quick Win\Oil Filter Cutting Tool (Field Operations).pdf,571236,4,5165,ok,texts\1.0 Maintenance & Repair__1.02 Condition Monitoring__3. Quick Win__Oil Filter Cutting Tool (Field Operations).txt
1.0 Maintenance & Repair\1.02 Condition Monitoring\3. Quick Win\Prediction of Failure of Starting Motors on D11R Machines.pdf,221382,9,10103,ok,texts\1.0 Maintenance & Repair__1.02 Condition Monitoring__3. Quick Win__Prediction of Failure of Starting Motors on D11R Machines.txt
1.0 Maintenance & Repair\1.02 Condition Monitoring\3. Quick Win\Sample Tubing Bag.pdf,5272856,3,3209,ok,texts\1.0 Maintenance & Repair__1.02 Condition Monitoring__3. Quick Win__Sample Tubing Bag.txt
1.0 Maintenance & Repair\1.03 Planning & Scheduling\1. Strategic\Planning & Scheduling.pdf,854499,34,64310,ok,texts\1.0 Maintenance & Repair__1.03 Planning & Scheduling__1. Strategic__Planning & Scheduling.txt
1.0 Maintenance & Repair\1.03 Planning & Scheduling\1. Strategic\Strategic Plan to Recover the Performance of a Mining Equipment Fleet.pdf,5276301,36,65565,error,
1.0 Maintenance & Repair\1.03 Planning & Scheduling\1. Strategic\Unavailability Distribution.pdf,215223,16,31187,ok,texts\1.0 Maintenance & Repair__1.03 Planning & Scheduling__1. Strategic__Unavailability Distribution.txt
1.0 Maintenance & Repair\1.03 Planning & Scheduling\2. Tactical\3-Stage Wash Bay For Cold Climate.pdf,70641,6,10571,ok,texts\1.0 Maintenance & Repair__1.03 Planning & Scheduling__2. Tactical__3-Stage Wash Bay For Cold Climate.txt
1.0 Maintenance & Repair\1.03 Planning & Scheduling\2. Tactical\Improved Operations Using Specialized Inspection Facility.pdf,238281,6,7436,ok,texts\1.0 Maintenance & Repair__1.03 Planning & Scheduling__2. Tactical__Improved Operations Using Specialized Inspection Facility.txt
1.0 Maintenance & Repair\1.04 Repair Management\1. Strategic\Repair Management.pdf,612766,22,36097,ok,texts\1.0 Maintenance & Repair__1.04 Repair Management__1. Strategic__Repair Management.txt
1.0 Maintenance & Repair\1.04 Repair Management\2. Tactical\793B Workshop Test.pdf,7476355,9,8180,ok,texts\1.0 Maintenance & Repair__1.04 Repair Management__2. Tactical__793B Workshop Test.txt
1.0 Maintenance & Repair\1.04 Repair Management\2. Tactical\Cat 6015 Disassembly of shovel final brake.pdf,592336,0,0,error,
1.0 Maintenance & Repair\1.04 Repair Management\2. Tactical\Contamination Control Using Plugs & Caps.pdf,522533,9,10460,ok,texts\1.0 Maintenance & Repair__1.04 Repair Management__2. Tactical__Contamination Control Using Plugs & Caps.txt
1.0 Maintenance & Repair\1.04 Repair Management\2. Tactical\Detecting Combustion Gas Leaks to Cooling System.pdf,639142,14,13409,ok,texts\1.0 Maintenance & Repair__1.04 Repair Management__2. Tactical__Detecting Combustion Gas Leaks to Cooling System.txt
1.0 Maintenance & Repair\1.04 Repair Management\2. Tactical\Failure Analysis Report.pdf,280538,10,7969,ok,texts\1.0 Maintenance & Repair__1.04 Repair Management__2. Tactical__Failure Analysis Report.txt
1.0 Maintenance & Repair\1.04 Repair Management\2. Tactical\Job Analysis Board.pdf,302085,9,16695,ok,texts\1.0 Maintenance & Repair__1.04 Repair Management__2. Tactical__Job Analysis Board.txt
1.0 Maintenance & Repair\1.04 Repair Management\2. Tactical\Mobile Hangar for Welding Truck Bodies in the Field.pdf,460185,6,8449,ok,texts\1.0 Maintenance & Repair__1.04 Repair Management__2. Tactical__Mobile Hangar for Welding Truck Bodies in the Field.txt
1.0 Maintenance & Repair\1.04 Repair Management\2. Tactical\Portable In-Pit Welding Shop for Shovel Buckets.pdf,575733,6,5352,ok,texts\1.0 Maintenance & Repair__1.04 Repair Management__2. Tactical__Portable In-Pit Welding Shop for Shovel Buckets.txt
1.0 Maintenance & Repair\1.04 Repair Management\2. Tactical\Service Card System.pdf,1191603,5,6707,ok,texts\1.0 Maintenance & Repair__1.04 Repair Management__2. Tactical__Service Card System.txt
"1.0 Maintenance & Repair\1.04 Repair Management\2. Tactical\Support for transporta​tion and R&I of 793 front Wheel, Brake and suspension.pdf",935410,8,11599,error,
1.0 Maintenance & Repair\1.04 Repair Management\2. Tactical\Temporary Rim & Tires for Shop Transportation and Support.pdf,255808,5,7603,ok,texts\1.0 Maintenance & Repair__1.04 Repair Management__2. Tactical__Temporary Rim & Tires for Shop Transportation and Support.txt
1.0 Maintenance & Repair\1.04 Repair Management\2. Tactical\Tool for R&I of the 797F High Pressure Fuel Pump.pdf,1713617,9,14094,ok,texts\1.0 Maintenance & Repair__1.04 Repair Management__2. Tactical__Tool for R&I of the 797F High Pressure Fuel Pump.txt
"1.0 Maintenance & Repair\1.04 Repair Management\2. Tactical\Tool for Track Mounting in D9, D10 and D11 TTT Series on Maintenance Conveyor.pdf",329156,6,9114,error,
1.0 Maintenance & Repair\1.04 Repair Management\3. Quick Win\Adjustable Guard Storage Vehicle.pdf,1324816,9,7154,ok,texts\1.0 Maintenance & Repair__1.04 Repair Management__3. Quick Win__Adjustable Guard Storage Vehicle.txt
1.0 Maintenance & Repair\1.04 Repair Management\3. Quick Win\Backpack for Field Service Electrician Tools.pdf,804862,10,14880,ok,texts\1.0 Maintenance & Repair__1.04 Repair Management__3. Quick Win__Backpack for Field Service Electrician Tools.txt
1.0 Maintenance & Repair\1.04 Repair Management\3. Quick Win\Contamination Control Covers during Cylinder Block Removal and Installation.pdf,353575,6,7753,error,
1.0 Maintenance & Repair\1.04 Repair Management\3. Quick Win\Large Hex Stick Cylinder Transport Brackets.pdf,138461,4,6124,ok,texts\1.0 Maintenance & Repair__1.04 Repair Management__3. Quick Win__Large Hex Stick Cylinder Transport Brackets.txt
1.0 Maintenance & Repair\1.04 Repair Management\3. Quick Win\Platform for working on the TTT undercarriage.pdf,2545025,9,12462,ok,texts\1.0 Maintenance & Repair__1.04 Repair Management__3. Quick Win__Platform for working on the TTT undercarriage.txt
1.0 Maintenance & Repair\1.04 Repair Management\3. Quick Win\Process for Removing Rust from Fuel Tanks.pdf,359739,10,8569,ok,texts\1.0 Maintenance & Repair__1.04 Repair Management__3. Quick Win__Process for Removing Rust from Fuel Tanks.txt
1.0 Maintenance & Repair\1.04 Repair Management\3. Quick Win\Scavenge Pump Support Bracket for C-175 Engine.pdf,1157987,9,14038,ok,texts\1.0 Maintenance & Repair__1.04 Repair Management__3. Quick Win__Scavenge Pump Support Bracket for C-175 Engine.txt
1.0 Maintenance & Repair\1.04 Repair Management\3. Quick Win\Schematics Workstation.pdf,263377,6,6539,ok,texts\1.0 Maintenance & Repair__1.04 Repair Management__3. Quick Win__Schematics Workstation.txt
1.0 Maintenance & Repair\1.04 Repair Management\3. Quick Win\Tool to Repair Damaged OHT Exhaust Pipe.pdf,451993,4,5164,ok,texts\1.0 Maintenance & Repair__1.04 Repair Management__3. Quick Win__Tool to Repair Damaged OHT Exhaust Pipe.txt
1.0 Maintenance & Repair\1.05 Component Management\1. Strategic\Leveraging PLESN Data at the Dealership.pdf,3448162,7,18520,ok,texts\1.0 Maintenance & Repair__1.05 Component Management__1. Strategic__Leveraging PLESN Data at the Dealership.txt
1.0 Maintenance & Repair\1.05 Component Management\3. Quick Win\Ripper Guard Installation Tool.pdf,20715626,10,10622,ok,texts\1.0 Maintenance & Repair__1.05 Component Management__3. Quick Win__Ripper Guard Installation Tool.txt
1.0 Maintenance & Repair\1.06 Backlog Management\1. Strategic\Backlog Execution Targets.pdf,291560,18,35324,ok,texts\1.0 Maintenance & Repair__1.06 Backlog Management__1. Strategic__Backlog Execution Targets.txt
1.0 Maintenance & Repair\1.06 Backlog Management\1. Strategic\Backlog Management .pdf,361208,14,20186,ok,texts\1.0 Maintenance & Repair__1.06 Backlog Management__1. Strategic__Backlog Management.txt
1.0 Maintenance & Repair\1.06 Backlog Management\2. Tactical\Tagging Recorded Backlogs  .pdf,230177,4,6773,ok,texts\1.0 Maintenance & Repair__1.06 Backlog Management__2. Tactical__Tagging Recorded Backlogs.txt
1.0 Maintenance & Repair\1.06 Backlog Management\3. Quick Win\Backlog Parts Staging Containers For HMS.pdf,460779,5,9152,ok,texts\1.0 Maintenance & Repair__1.06 Backlog Management__3. Quick Win__Backlog Parts Staging Containers For HMS.txt
1.0 Maintenance & Repair\1.07 Parts Management\1. Strategic\Ordering Parts with Part Store.pdf,839627,12,16578,ok,texts\1.0 Maintenance & Repair__1.07 Parts Management__1. Strategic__Ordering Parts with Part Store.txt
1.0 Maintenance & Repair\1.07 Parts Management\1. Strategic\Parts Management (Strategic).pdf,1880401,13,27787,ok,texts\1.0 Maintenance & Repair__1.07 Parts Management__1. Strategic__Parts Management (Strategic).txt
1.0 Maintenance & Repair\1.07 Parts Management\2. Tactical\Demand Planning With AMT.pdf,1388978,9,17388,ok,texts\1.0 Maintenance & Repair__1.07 Parts Management__2. Tactical__Demand Planning With AMT.txt
1.0 Maintenance & Repair\1.07 Parts Management\2. Tactical\Service Vehicle Modifications for Improved Parts Transportation.pdf,596711,10,9965,ok,texts\1.0 Maintenance & Repair__1.07 Parts Management__2. Tactical__Service Vehicle Modifications for Improved Parts Transportation.txt
1.0 Maintenance & Repair\1.07 Parts Management\3. Quick Win\Longwall Move Box Process.pdf,383375,11,16346,ok,texts\1.0 Maintenance & Repair__1.07 Parts Management__3. Quick Win__Longwall Move Box Process.txt
1.0 Maintenance & Repair\1.08 Training\1. Strategic\Apprentice Program Recommendation by Westrac.pdf,246232,14,16276,ok,texts\1.0 Maintenance & Repair__1.08 Training__1. Strategic__Apprentice Program Recommendation by Westrac.txt
1.0 Maintenance & Repair\1.08 Training\2. Tactical\Air Condition Simulation Board.pdf,1646245,7,7597,ok,texts\1.0 Maintenance & Repair__1.08 Training__2. Tactical__Air Condition Simulation Board.txt
1.0 Maintenance & Repair\1.08 Training\2. Tactical\Assurance and Accuracy in Torque Application in Tractor Link-Track Master Bolts.pdf,135914,6,7105,ok,texts\1.0 Maintenance & Repair__1.08 Training__2. Tactical__Assurance and Accuracy in Torque Application in Tractor Link-Track Master Bolts.txt
1.0 Maintenance & Repair\1.08 Training\2. Tactical\Electronic Engine Simulation Board.pdf,2136486,13,11599,ok,texts\1.0 Maintenance & Repair__1.08 Training__2. Tactical__Electronic Engine Simulation Board.txt
1.0 Maintenance & Repair\1.09 Performance Evaluation\1. Strategic\Performance Evaluation.pdf,1326152,29,48123,ok,texts\1.0 Maintenance & Repair__1.09 Performance Evaluation__1. Strategic__Performance Evaluation.txt
1.0 Maintenance & Repair\1.10 Continuous Improvement\1. Strategic\Continuous Improvement.pdf,1775947,7,14383,ok,texts\1.0 Maintenance & Repair__1.10 Continuous Improvement__1. Strategic__Continuous Improvement.txt
1.0 Maintenance & Repair\1.10 Continuous Improvement\2. Tactical\Electrical Schematic Storage and Access for Technician Use.pdf,2790899,5,5820,ok,texts\1.0 Maintenance & Repair__1.10 Continuous Improvement__2. Tactical__Electrical Schematic Storage and Access for Technician Use.txt
1.0 Maintenance & Repair\1.10 Continuous Improvement\2. Tactical\Managing Continuous Improvement Projects.pdf,94229,5,7723,ok,texts\1.0 Maintenance & Repair__1.10 Continuous Improvement__2. Tactical__Managing Continuous Improvement Projects.txt
1.0 Maintenance & Repair\1.10 Continuous Improvement\3. Quick Win\Changing the Position of the Jack Sensor Box – MD6640.pdf,1105587,5,5070,ok,texts\1.0 Maintenance & Repair__1.10 Continuous Improvement__3. Quick Win__Changing the Position of the Jack Sensor Box – MD6640.txt
1.0 Maintenance & Repair\1.10 Continuous Improvement\3. Quick Win\Continuous Improvement Board Mobile Version.pdf,603374,7,8206,ok,texts\1.0 Maintenance & Repair__1.10 Continuous Improvement__3. Quick Win__Continuous Improvement Board Mobile Version.txt
1.0 Maintenance & Repair\1.10 Continuous Improvement\3. Quick Win\Install Protector GP-Edge 994K.pdf,345469,4,4756,ok,texts\1.0 Maintenance & Repair__1.10 Continuous Improvement__3. Quick Win__Install Protector GP-Edge 994K.txt
1.0 Maintenance & Repair\1.10 Continuous Improvement\3. Quick Win\Machine Inspection Technician Toolbox.pdf,2569455,9,6794,ok,texts\1.0 Maintenance & Repair__1.10 Continuous Improvement__3. Quick Win__Machine Inspection Technician Toolbox.txt
1.0 Maintenance & Repair\1.10 Continuous Improvement\3. Quick Win\Spreader Bar Protection.pdf,1106841,0,0,error,
1.0 Maintenance & Repair\1.10 Continuous Improvement\3. Quick Win\Truck 793D - Hinge installation on the hydraulic tank cover.pdf,610343,5,6029,ok,texts\1.0 Maintenance & Repair__1.10 Continuous Improvement__3. Quick Win__Truck 793D - Hinge installation on the hydraulic tank cover.txt
1.0 Maintenance & Repair\1.11 HSEC - M&R\2. Tactical\HMS Bucket Repair Jig.pdf,240083,6,7571,ok,texts\1.0 Maintenance & Repair__1.11 HSEC - M&R__2. Tactical__HMS Bucket Repair Jig.txt
1.0 Maintenance & Repair\1.11 HSEC - M&R\2. Tactical\Improved Method Of Shimming & Replacing OHT Tray Pads.pdf,137047,4,7039,ok,texts\1.0 Maintenance & Repair__1.11 HSEC - M&R__2. Tactical__Improved Method Of Shimming & Replacing OHT Tray Pads.txt
1.0 Maintenance & Repair\1.11 HSEC - M&R\2. Tactical\Pneumatic Service Pit Barrier.pdf,264455,4,6100,ok,texts\1.0 Maintenance & Repair__1.11 HSEC - M&R__2. Tactical__Pneumatic Service Pit Barrier.txt
1.0 Maintenance & Repair\1.11 HSEC - M&R\3. Quick Win\3516 Engine Crankshaft Counterweight Installation Removal tool.pdf,541466,7,8120,ok,texts\1.0 Maintenance & Repair__1.11 HSEC - M&R__3. Quick Win__3516 Engine Crankshaft Counterweight Installation Removal tool.txt
1.0 Maintenance & Repair\1.11 HSEC - M&R\3. Quick Win\Additional Safety Measures for the 793B.pdf,1142448,9,8752,ok,texts\1.0 Maintenance & Repair__1.11 HSEC - M&R__3. Quick Win__Additional Safety Measures for the 793B.txt
1.0 Maintenance & Repair\1.11 HSEC - M&R\3. Quick Win\Engine Bay Buggy Steps.pdf,220363,5,7203,ok,texts\1.0 Maintenance & Repair__1.11 HSEC - M&R__3. Quick Win__Engine Bay Buggy Steps.txt
1.0 Maintenance & Repair\1.11 HSEC - M&R\3. Quick Win\Ladder for 797 Front Suspension Maintanance.pdf,2702874,9,12819,ok,texts\1.0 Maintenance & Repair__1.11 HSEC - M&R__3. Quick Win__Ladder for 797 Front Suspension Maintanance.txt
1.0 Maintenance & Repair\1.11 HSEC - M&R\3. Quick Win\Machine Energy Maps.pdf,484679,8,10892,ok,texts\1.0 Maintenance & Repair__1.11 HSEC - M&R__3. Quick Win__Machine Energy Maps.txt
1.0 Maintenance & Repair\1.11 HSEC - M&R\3. Quick Win\Machine Lockout Device Installation for Caterpillar Equipment.pdf,198581,8,7076,ok,texts\1.0 Maintenance & Repair__1.11 HSEC - M&R__3. Quick Win__Machine Lockout Device Installation for Caterpillar Equipment.txt
1.0 Maintenance & Repair\1.11 HSEC - M&R\3. Quick Win\MD6640 Drills - Installation of Safety Slings to Support the Mast Machinery.pdf,475165,6,8930,ok,texts\1.0 Maintenance & Repair__1.11 HSEC - M&R__3. Quick Win__MD6640 Drills - Installation of Safety Slings to Support the Mast Machinery.txt
1.0 Maintenance & Repair\1.11 HSEC - M&R\3. Quick Win\Motor Grader Edge Installation Tool.pdf,1018290,4,5792,ok,texts\1.0 Maintenance & Repair__1.11 HSEC - M&R__3. Quick Win__Motor Grader Edge Installation Tool.txt
1.0 Maintenance & Repair\1.11 HSEC - M&R\3. Quick Win\Parts Mezzanine Safety Gate.pdf,101311,4,5138,ok,texts\1.0 Maintenance & Repair__1.11 HSEC - M&R__3. Quick Win__Parts Mezzanine Safety Gate.txt
1.0 Maintenance & Repair\1.11 HSEC - M&R\3. Quick Win\R&I Tool for 797 Steering Cylinders.pdf,3864424,11,14160,ok,texts\1.0 Maintenance & Repair__1.11 HSEC - M&R__3. Quick Win__R&I Tool for 797 Steering Cylinders.txt
1.0 Maintenance & Repair\1.11 HSEC - M&R\3. Quick Win\R1300G Stand Chock Set.pdf,841174,4,5360,ok,texts\1.0 Maintenance & Repair__1.11 HSEC - M&R__3. Quick Win__R1300G Stand Chock Set.txt
1.0 Maintenance & Repair\1.11 HSEC - M&R\3. Quick Win\Tool for Blocking the 793 OHT Hoist Cylinder Rod.pdf,244562,6,4894,ok,texts\1.0 Maintenance & Repair__1.11 HSEC - M&R__3. Quick Win__Tool for Blocking the 793 OHT Hoist Cylinder Rod.txt
1.0 Maintenance & Repair\1.11 HSEC - M&R\3. Quick Win\Tool for Removing the Pin on 793 OHT.pdf,4513210,6,5604,ok,texts\1.0 Maintenance & Repair__1.11 HSEC - M&R__3. Quick Win__Tool for Removing the Pin on 793 OHT.txt
1.0 Maintenance & Repair\1.11 HSEC - M&R\3. Quick Win\Wheel Chock Mobility.pdf,167413,4,6469,ok,texts\1.0 Maintenance & Repair__1.11 HSEC - M&R__3. Quick Win__Wheel Chock Mobility.txt
2.0 Application\2.02 Haul Road Management\1. Strategic\Cost Reduction Through Haul Road Management Process.pdf,153330,7,12425,ok,texts\2.0 Application__2.02 Haul Road Management__1. Strategic__Cost Reduction Through Haul Road Management Process.txt
2.0 Application\2.02 Haul Road Management\1. Strategic\Haul Road Optimization.pdf,189238,6,11797,ok,texts\2.0 Application__2.02 Haul Road Management__1. Strategic__Haul Road Optimization.txt
2.0 Application\2.02 Haul Road Management\1. Strategic\Road Analysis Control (RAC) .pdf,1190183,0,0,error,
2.0 Application\2.03 Payload Management\1. Strategic\Payload Management.pdf,1885057,16,25019,ok,texts\2.0 Application__2.03 Payload Management__1. Strategic__Payload Management.txt
2.0 Application\2.03 Payload Management\2. Tactical\Managing Payload on 992G Wheel Loaders.pdf,293413,7,8297,ok,texts\2.0 Application__2.03 Payload Management__2. Tactical__Managing Payload on 992G Wheel Loaders.txt
2.0 Application\2.03 Payload Management\2. Tactical\Measuring New Empty Machine Weight (EMW).pdf,588368,5,9377,ok,texts\2.0 Application__2.03 Payload Management__2. Tactical__Measuring New Empty Machine Weight (EMW).txt
"2.0 Application\2.04 Training - Application\1. Strategic\Dealer, Customer, Municipalities - Partnership to Develop Operators.pdf",265402,7,10501,ok,"texts\2.0 Application__2.04 Training - Application__1. Strategic__Dealer, Customer, Municipalities - Partnership to Develop Operators.txt"
2.0 Application\2.04 Training - Application\2. Tactical\Excessive Idling - Reducing Fuel Consumption with VIMS and MineStar Health.pdf,108674,6,10775,ok,texts\2.0 Application__2.04 Training - Application__2. Tactical__Excessive Idling - Reducing Fuel Consumption with VIMS and MineStar Health.txt
2.0 Application\2.04 Training - Application\2. Tactical\Mining Equipment Operation Improvement Program.pdf,10427297,6,8424,ok,texts\2.0 Application__2.04 Training - Application__2. Tactical__Mining Equipment Operation Improvement Program.txt
2.0 Application\2.04 Training - Application\2. Tactical\Road Defect Management Training Exercise.pdf,2283516,8,14078,ok,texts\2.0 Application__2.04 Training - Application__2. Tactical__Road Defect Management Training Exercise.txt
2.0 Application\2.04 Training - Application\2. Tactical\VIMS Utilization & Operator Training.pdf,404956,10,15856,ok,texts\2.0 Application__2.04 Training - Application__2. Tactical__VIMS Utilization & Operator Training.txt
2.0 Application\2.04 Training - Application\3. Quick Win\Correct Gear Reminder While Ascending Up a Grade.pdf,51051,3,4431,ok,texts\2.0 Application__2.04 Training - Application__3. Quick Win__Correct Gear Reminder While Ascending Up a Grade.txt
2.0 Application\2.04 Training - Application\3. Quick Win\Correct Gear Reminder While Descending Down a Grade Using ARC.pdf,88153,3,4599,ok,texts\2.0 Application__2.04 Training - Application__3. Quick Win__Correct Gear Reminder While Descending Down a Grade Using ARC.txt
2.0 Application\2.04 Training - Application\3. Quick Win\Operator Perception .pdf,624021,4,6670,ok,texts\2.0 Application__2.04 Training - Application__3. Quick Win__Operator Perception.txt
2.0 Application\2.04 Training - Application\3. Quick Win\Tracking Abusive Shifts on Large Off Highway Trucks.pdf,120257,8,10223,ok,texts\2.0 Application__2.04 Training - Application__3. Quick Win__Tracking Abusive Shifts on Large Off Highway Trucks.txt
2.0 Application\2.05 Productivity Analysis\2. Tactical\Using Video Overlay for Communication of Mine Site Opportunities.pdf,5361625,13,22870,ok,texts\2.0 Application__2.05 Productivity Analysis__2. Tactical__Using Video Overlay for Communication of Mine Site Opportunities.txt
2.0 Application\2.06 GET Management\1. Strategic\Auxiliary Fleet and Loaders GET Chart for Preventive Maintenance.pdf,3095936,7,7871,ok,texts\2.0 Application__2.06 GET Management__1. Strategic__Auxiliary Fleet and Loaders GET Chart for Preventive Maintenance.txt
2.0 Application\2.06 GET Management\2. Tactical\Improving GET Replacement Process.pdf,763640,10,14403,ok,texts\2.0 Application__2.06 GET Management__2. Tactical__Improving GET Replacement Process.txt
2.0 Application\2.06 GET Management\2. Tactical\Motor Grader Ripper - Mounted Mining Bit System.pdf,319581,7,9072,ok,texts\2.0 Application__2.06 GET Management__2. Tactical__Motor Grader Ripper - Mounted Mining Bit System.txt
"2.0 Application\2.06 GET Management\2. Tactical\Tool for Removing the Teeth Ripper in 16 (G,H,M) & 24 (H,M) Motorgraders.pdf",346702,6,8187,ok,"texts\2.0 Application__2.06 GET Management__2. Tactical__Tool for Removing the Teeth Ripper in 16 (G,H,M) & 24 (H,M) Motorgraders.txt"
2.0 Application\2.06 GET Management\3. Quick Win\Backhoe-Hammer to remove large mining GET.pdf,489486,6,6862,ok,texts\2.0 Application__2.06 GET Management__3. Quick Win__Backhoe-Hammer to remove large mining GET.txt
2.0 Application\2.07 HSEC - Application\1. Strategic\Safety Processes for a Mine Site.pdf,267187,13,30711,ok,texts\2.0 Application__2.07 HSEC - Application__1. Strategic__Safety Processes for a Mine Site.txt
3.0 Component Life Management\3.01 Improving Component Life\1. Strategic\Component Life Management Improvement Process.pdf,234941,13,17409,ok,texts\3.0 Component Life Management__3.01 Improving Component Life__1. Strategic__Component Life Management Improvement Process.txt
3.0 Component Life Management\3.01 Improving Component Life\3. Quick Win\OHT Brake Group Baseline Wear Indicator Plate.pdf,731008,6,124,ok,texts\3.0 Component Life Management__3.01 Improving Component Life__3. Quick Win__OHT Brake Group Baseline Wear Indicator Plate.txt
3.0 Component Life Management\3.02 Component Life Tracking\2. Tactical\Getting Started With MCTS.pdf,1160330,8,11563,ok,texts\3.0 Component Life Management__3.02 Component Life Tracking__2. Tactical__Getting Started With MCTS.txt
3.0 Component Life Management\3.02 Component Life Tracking\2. Tactical\MCTS used to Manage & Monitor Component Life.pdf,1638215,10,16081,ok,texts\3.0 Component Life Management__3.02 Component Life Tracking__2. Tactical__MCTS used to Manage & Monitor Component Life.txt
3.0 Component Life Management\3.02 Component Life Tracking\2. Tactical\Using Weibull To Determine Optimal Component Life Cycle Analysis.pdf,1456974,8,12938,error,
3.0 Component Life Management\3.03 Fluid Cleanliness\1. Strategic\Fluid Cleanliness Management.pdf,1781730,5,10817,ok,texts\3.0 Component Life Management__3.03 Fluid Cleanliness__1. Strategic__Fluid Cleanliness Management.txt
3.0 Component Life Management\3.03 Fluid Cleanliness\2. Tactical\Bulk Fuel Cleanliness Management.pdf,204970,6,9295,ok,texts\3.0 Component Life Management__3.03 Fluid Cleanliness__2. Tactical__Bulk Fuel Cleanliness Management.txt
3.0 Component Life Management\3.03 Fluid Cleanliness\2. Tactical\Bulk Fuel Filtration.pdf,2296582,6,7903,ok,texts\3.0 Component Life Management__3.03 Fluid Cleanliness__2. Tactical__Bulk Fuel Filtration.txt
3.0 Component Life Management\3.03 Fluid Cleanliness\2. Tactical\Bulk Fuel Storage and Handling.pdf,107224,5,9916,ok,texts\3.0 Component Life Management__3.03 Fluid Cleanliness__2. Tactical__Bulk Fuel Storage and Handling.txt
3.0 Component Life Management\3.03 Fluid Cleanliness\2. Tactical\Bulk Oil Filtration.pdf,263869,6,12131,ok,texts\3.0 Component Life Management__3.03 Fluid Cleanliness__2. Tactical__Bulk Oil Filtration.txt
3.0 Component Life Management\3.03 Fluid Cleanliness\2. Tactical\Improving the Hydraulic Fluid Cleanliness of 794AC Fleet.pdf,1847632,11,18727,ok,texts\3.0 Component Life Management__3.03 Fluid Cleanliness__2. Tactical__Improving the Hydraulic Fluid Cleanliness of 794AC Fleet.txt
3.0 Component Life Management\3.03 Fluid Cleanliness\2. Tactical\Measuring Oil Cleanliness.pdf,1775307,4,7258,ok,texts\3.0 Component Life Management__3.03 Fluid Cleanliness__2. Tactical__Measuring Oil Cleanliness.txt
3.0 Component Life Management\3.03 Fluid Cleanliness\2. Tactical\Off-Board Machine Filtration.pdf,60972,6,13399,ok,texts\3.0 Component Life Management__3.03 Fluid Cleanliness__2. Tactical__Off-Board Machine Filtration.txt
3.0 Component Life Management\3.03 Fluid Cleanliness\2. Tactical\Oil Drain Interval Extension.pdf,61261,4,6967,ok,texts\3.0 Component Life Management__3.03 Fluid Cleanliness__2. Tactical__Oil Drain Interval Extension.txt
3.0 Component Life Management\3.03 Fluid Cleanliness\2. Tactical\On-Board Machine Filtration.pdf,1772247,4,8871,ok,texts\3.0 Component Life Management__3.03 Fluid Cleanliness__2. Tactical__On-Board Machine Filtration.txt
3.0 Component Life Management\3.03 Fluid Cleanliness\2. Tactical\SOS Lab Data Entry Improvement using New Electronic System.pdf,428966,7,6574,ok,texts\3.0 Component Life Management__3.03 Fluid Cleanliness__2. Tactical__SOS Lab Data Entry Improvement using New Electronic System.txt
3.0 Component Life Management\3.03 Fluid Cleanliness\3. Quick Win\Ensuring Proper Lube with Quick Disconnect Fittings.pdf,199371,3,4884,ok,texts\3.0 Component Life Management__3.03 Fluid Cleanliness__3. Quick Win__Ensuring Proper Lube with Quick Disconnect Fittings.txt
3.0 Component Life Management\3.03 Fluid Cleanliness\3. Quick Win\High Efficiency Breather Filters.pdf,1959603,3,4984,ok,texts\3.0 Component Life Management__3.03 Fluid Cleanliness__3. Quick Win__High Efficiency Breather Filters.txt
3.0 Component Life Management\3.03 Fluid Cleanliness\3. Quick Win\Reduction of Internal Contamination for Hoses.pdf,2138752,5,6596,ok,texts\3.0 Component Life Management__3.03 Fluid Cleanliness__3. Quick Win__Reduction of Internal Contamination for Hoses.txt
3.0 Component Life Management\3.03 Fluid Cleanliness\3. Quick Win\Self Contained Bulk Oil Filtration Day Tank.pdf,122639,4,7693,ok,texts\3.0 Component Life Management__3.03 Fluid Cleanliness__3. Quick Win__Self Contained Bulk Oil Filtration Day Tank.txt
3.0 Component Life Management\3.03 Fluid Cleanliness\3. Quick Win\Series High Efficiency Fuel Filters.pdf,228944,5,7140,ok,texts\3.0 Component Life Management__3.03 Fluid Cleanliness__3. Quick Win__Series High Efficiency Fuel Filters.txt
3.0 Component Life Management\3.04 Removal & Installation\1. Strategic\Machine Shop Components Lifting Operations Assurance Strategy.pdf,926503,12,15789,error,
3.0 Component Life Management\3.04 Removal & Installation\2. Tactical\740 TYRE - RIM Remove and Install Supporting Tool.pdf,287136,5,4929,ok,texts\3.0 Component Life Management__3.04 Removal & Installation__2. Tactical__740 TYRE - RIM Remove and Install Supporting Tool.txt
3.0 Component Life Management\3.04 Removal & Installation\2. Tactical\777 Final Drive Replacement Stand.pdf,2777750,4,6163,ok,texts\3.0 Component Life Management__3.04 Removal & Installation__2. Tactical__777 Final Drive Replacement Stand.txt
3.0 Component Life Management\3.04 Removal & Installation\2. Tactical\793D Converter Remove & Install Tool.pdf,309182,8,9073,ok,texts\3.0 Component Life Management__3.04 Removal & Installation__2. Tactical__793D Converter Remove & Install Tool.txt
3.0 Component Life Management\3.04 Removal & Installation\2. Tactical\Change Hydraulic Hoses During Major Component R&I.pdf,75139,4,4444,ok,texts\3.0 Component Life Management__3.04 Removal & Installation__2. Tactical__Change Hydraulic Hoses During Major Component R&I.txt
3.0 Component Life Management\3.04 Removal & Installation\2. Tactical\Component Install Kits Improve R&I Process.pdf,3910470,6,7971,ok,texts\3.0 Component Life Management__3.04 Removal & Installation__2. Tactical__Component Install Kits Improve R&I Process.txt
3.0 Component Life Management\3.04 Removal & Installation\2. Tactical\Customer Certification for Major Component Remove & Install.pdf,3779210,6,8105,ok,texts\3.0 Component Life Management__3.04 Removal & Installation__2. Tactical__Customer Certification for Major Component Remove & Install.txt
3.0 Component Life Management\3.04 Removal & Installation\2. Tactical\D11 Converter Remove & Install Tool.pdf,221248,7,8517,ok,texts\3.0 Component Life Management__3.04 Removal & Installation__2. Tactical__D11 Converter Remove & Install Tool.txt
3.0 Component Life Management\3.04 Removal & Installation\2. Tactical\Mining Trucks Dump Body Removal & Install System.pdf,2031904,12,20411,ok,texts\3.0 Component Life Management__3.04 Removal & Installation__2. Tactical__Mining Trucks Dump Body Removal & Install System.txt
3.0 Component Life Management\3.04 Removal & Installation\2. Tactical\Tooling Setup for R&I of Steering Cylinders & Tie Rods in LOHT.pdf,490095,8,8858,error,
3.0 Component Life Management\3.04 Removal & Installation\3. Quick Win\793 Transmission Remove & Install Tool.pdf,5518769,7,7018,ok,texts\3.0 Component Life Management__3.04 Removal & Installation__3. Quick Win__793 Transmission Remove & Install Tool.txt
3.0 Component Life Management\3.04 Removal & Installation\3. Quick Win\Attachment for RI of Steering Accumulators for 797F.pdf,1589264,10,17500,ok,texts\3.0 Component Life Management__3.04 Removal & Installation__3. Quick Win__Attachment for RI of Steering Accumulators for 797F.txt
3.0 Component Life Management\3.04 Removal & Installation\3. Quick Win\Cylinder Head Lifting Jib.pdf,138974,4,5428,ok,texts\3.0 Component Life Management__3.04 Removal & Installation__3. Quick Win__Cylinder Head Lifting Jib.txt
3.0 Component Life Management\3.04 Removal & Installation\3. Quick Win\Manufacture Oversize Hoist Bolt Kit.pdf,640183,10,8838,ok,texts\3.0 Component Life Management__3.04 Removal & Installation__3. Quick Win__Manufacture Oversize Hoist Bolt Kit.txt
3.0 Component Life Management\3.04 Removal & Installation\3. Quick Win\Selective Cleaning Using Dry Ice.pdf,283682,7,11711,ok,texts\3.0 Component Life Management__3.04 Removal & Installation__3. Quick Win__Selective Cleaning Using Dry Ice.txt
3500 Engine Exhaust Manifold Salvage.pdf,829413,5,5261,ok,texts\3500 Engine Exhaust Manifold Salvage.txt
4.0 Component Rebuild (CRC)\4.01 Rebuild Processes (CRC)\1. Strategic\Bore Measuring Tool.pdf,1880950,8,5877,ok,texts\4.0 Component Rebuild (CRC)__4.01 Rebuild Processes (CRC)__1. Strategic__Bore Measuring Tool.txt
4.0 Component Rebuild (CRC)\4.01 Rebuild Processes (CRC)\1. Strategic\Creating Standard Component Rebuild Parts Kits.pdf,407421,7,7658,ok,texts\4.0 Component Rebuild (CRC)__4.01 Rebuild Processes (CRC)__1. Strategic__Creating Standard Component Rebuild Parts Kits.txt
4.0 Component Rebuild (CRC)\4.01 Rebuild Processes (CRC)\1. Strategic\Disassembly Strategy Can Improve Engine Turnaround Time.pdf,2820969,7,6569,ok,texts\4.0 Component Rebuild (CRC)__4.01 Rebuild Processes (CRC)__1. Strategic__Disassembly Strategy Can Improve Engine Turnaround Time.txt
4.0 Component Rebuild (CRC)\4.01 Rebuild Processes (CRC)\1. Strategic\Failure Analysis Process – A Key Tool to Managing Quality.pdf,4568825,7,12461,ok,texts\4.0 Component Rebuild (CRC)__4.01 Rebuild Processes (CRC)__1. Strategic__Failure Analysis Process – A Key Tool to Managing Quality.txt
4.0 Component Rebuild (CRC)\4.01 Rebuild Processes (CRC)\1. Strategic\In-Process Staging Strategy.pdf,335797,6,11109,ok,texts\4.0 Component Rebuild (CRC)__4.01 Rebuild Processes (CRC)__1. Strategic__In-Process Staging Strategy.txt
4.0 Component Rebuild (CRC)\4.01 Rebuild Processes (CRC)\1. Strategic\Labor Efficiency Lowers CRC Costs.pdf,174586,6,10361,ok,texts\4.0 Component Rebuild (CRC)__4.01 Rebuild Processes (CRC)__1. Strategic__Labor Efficiency Lowers CRC Costs.txt
4.0 Component Rebuild (CRC)\4.01 Rebuild Processes (CRC)\1. Strategic\Managing Parts Reuse & Replace Decisions with Dedicated Resource.pdf,101438,4,6173,error,
4.0 Component Rebuild (CRC)\4.01 Rebuild Processes (CRC)\1. Strategic\Material Transport Strategy.pdf,245331,6,13071,ok,texts\4.0 Component Rebuild (CRC)__4.01 Rebuild Processes (CRC)__1. Strategic__Material Transport Strategy.txt
4.0 Component Rebuild (CRC)\4.01 Rebuild Processes (CRC)\1. Strategic\Work Order Photos Administration System.pdf,249123,5,6959,ok,texts\4.0 Component Rebuild (CRC)__4.01 Rebuild Processes (CRC)__1. Strategic__Work Order Photos Administration System.txt
"4.0 Component Rebuild (CRC)\4.01 Rebuild Processes (CRC)\2. Tactical\Alternator, Starting Motor, and ECM Training Test Bench.pdf",1859621,11,10439,ok,"texts\4.0 Component Rebuild (CRC)__4.01 Rebuild Processes (CRC)__2. Tactical__Alternator, Starting Motor, and ECM Training Test Bench.txt"
4.0 Component Rebuild (CRC)\4.01 Rebuild Processes (CRC)\2. Tactical\Cost Effective Gasket and Paint Cleaning Processes.pdf,147114,6,15090,ok,texts\4.0 Component Rebuild (CRC)__4.01 Rebuild Processes (CRC)__2. Tactical__Cost Effective Gasket and Paint Cleaning Processes.txt
4.0 Component Rebuild (CRC)\4.01 Rebuild Processes (CRC)\2. Tactical\Engine Wiring Harness Installation Aid - C175 Engines.pdf,294736,7,6399,ok,texts\4.0 Component Rebuild (CRC)__4.01 Rebuild Processes (CRC)__2. Tactical__Engine Wiring Harness Installation Aid - C175 Engines.txt
4.0 Component Rebuild (CRC)\4.01 Rebuild Processes (CRC)\2. Tactical\Installation of New Rod Pin Bearing by Cooling.pdf,136444,6,6514,ok,texts\4.0 Component Rebuild (CRC)__4.01 Rebuild Processes (CRC)__2. Tactical__Installation of New Rod Pin Bearing by Cooling.txt
4.0 Component Rebuild (CRC)\4.01 Rebuild Processes (CRC)\2. Tactical\Kits for Dynamometer Test.pdf,659567,12,10423,ok,texts\4.0 Component Rebuild (CRC)__4.01 Rebuild Processes (CRC)__2. Tactical__Kits for Dynamometer Test.txt
4.0 Component Rebuild (CRC)\4.01 Rebuild Processes (CRC)\2. Tactical\Machine Rebuild Process Using Pack By Dealer Work Order.pdf,3648890,19,27383,ok,texts\4.0 Component Rebuild (CRC)__4.01 Rebuild Processes (CRC)__2. Tactical__Machine Rebuild Process Using Pack By Dealer Work Order.txt
4.0 Component Rebuild (CRC)\4.01 Rebuild Processes (CRC)\2. Tactical\OHT Rear Wheel End Shipping Covers.pdf,243119,3,3536,ok,texts\4.0 Component Rebuild (CRC)__4.01 Rebuild Processes (CRC)__2. Tactical__OHT Rear Wheel End Shipping Covers.txt
4.0 Component Rebuild (CRC)\4.01 Rebuild Processes (CRC)\2. Tactical\Powertrain Valve Rebuild Strategy.pdf,169457,5,10142,ok,texts\4.0 Component Rebuild (CRC)__4.01 Rebuild Processes (CRC)__2. Tactical__Powertrain Valve Rebuild Strategy.txt
4.0 Component Rebuild (CRC)\4.01 Rebuild Processes (CRC)\2. Tactical\Transmission Control Valve Test Bench.pdf,1112933,6,12803,ok,texts\4.0 Component Rebuild (CRC)__4.01 Rebuild Processes (CRC)__2. Tactical__Transmission Control Valve Test Bench.txt
4.0 Component Rebuild (CRC)\4.01 Rebuild Processes (CRC)\2. Tactical\Use Cameras to Conduct CRC Process Reviews.pdf,211090,4,4792,ok,texts\4.0 Component Rebuild (CRC)__4.01 Rebuild Processes (CRC)__2. Tactical__Use Cameras to Conduct CRC Process Reviews.txt
4.0 Component Rebuild (CRC)\4.01 Rebuild Processes (CRC)\2. Tactical\Wireless Pager System Optimizes Workflow Process.pdf,397023,6,7839,ok,texts\4.0 Component Rebuild (CRC)__4.01 Rebuild Processes (CRC)__2. Tactical__Wireless Pager System Optimizes Workflow Process.txt
4.0 Component Rebuild (CRC)\4.01 Rebuild Processes (CRC)\3. Quick Win\980H Differential Brake Test.pdf,704937,6,6077,ok,texts\4.0 Component Rebuild (CRC)__4.01 Rebuild Processes (CRC)__3. Quick Win__980H Differential Brake Test.txt
4.0 Component Rebuild (CRC)\4.01 Rebuild Processes (CRC)\3. Quick Win\C175 ID Tags for Engines that Require Thicker Integral Seals.pdf,152445,4,4008,ok,texts\4.0 Component Rebuild (CRC)__4.01 Rebuild Processes (CRC)__3. Quick Win__C175 ID Tags for Engines that Require Thicker Integral Seals.txt
4.0 Component Rebuild (CRC)\4.01 Rebuild Processes (CRC)\3. Quick Win\C175 Main Oil Gallery - D&A Debris Protection.pdf,62013,3,3924,ok,texts\4.0 Component Rebuild (CRC)__4.01 Rebuild Processes (CRC)__3. Quick Win__C175 Main Oil Gallery - D&A Debris Protection.txt
4.0 Component Rebuild (CRC)\4.01 Rebuild Processes (CRC)\3. Quick Win\Computerized Torques Wrenches Used to Improve Quality Control.pdf,61210,3,4161,ok,texts\4.0 Component Rebuild (CRC)__4.01 Rebuild Processes (CRC)__3. Quick Win__Computerized Torques Wrenches Used to Improve Quality Control.txt
4.0 Component Rebuild (CRC)\4.01 Rebuild Processes (CRC)\3. Quick Win\Exhaust Manifold Lifting Tool - C175 Engines.pdf,247467,5,5256,ok,texts\4.0 Component Rebuild (CRC)__4.01 Rebuild Processes (CRC)__3. Quick Win__Exhaust Manifold Lifting Tool - C175 Engines.txt
4.0 Component Rebuild (CRC)\4.01 Rebuild Processes (CRC)\3. Quick Win\Fluid Cooler Testing Basin.pdf,343515,5,8774,ok,texts\4.0 Component Rebuild (CRC)__4.01 Rebuild Processes (CRC)__3. Quick Win__Fluid Cooler Testing Basin.txt
4.0 Component Rebuild (CRC)\4.01 Rebuild Processes (CRC)\3. Quick Win\Improved 3500 Engine Exhaust Manifold Salvage.pdf,117366,4,4495,ok,texts\4.0 Component Rebuild (CRC)__4.01 Rebuild Processes (CRC)__3. Quick Win__Improved 3500 Engine Exhaust Manifold Salvage.txt
"4.0 Component Rebuild (CRC)\4.01 Rebuild Processes (CRC)\3. Quick Win\Piston, Rod, & Liner Staging Equipment.pdf",139442,5,9394,ok,"texts\4.0 Component Rebuild (CRC)__4.01 Rebuild Processes (CRC)__3. Quick Win__Piston, Rod, & Liner Staging Equipment.txt"
4.0 Component Rebuild (CRC)\4.01 Rebuild Processes (CRC)\3. Quick Win\Plastic Media Used for Major Component Cleaning and Paint Removal.pdf,3142313,7,5578,error,
4.0 Component Rebuild (CRC)\4.01 Rebuild Processes (CRC)\3. Quick Win\Process for Removing Rust from Fuel Tanks.pdf,359739,10,8569,ok,texts\4.0 Component Rebuild (CRC)__4.01 Rebuild Processes (CRC)__3. Quick Win__Process for Removing Rust from Fuel Tanks.txt
"4.0 Component Rebuild (CRC)\4.01 Rebuild Processes (CRC)\3. Quick Win\Short Block Kits Save Time, Improve Quality.pdf",220847,4,4798,ok,"texts\4.0 Component Rebuild (CRC)__4.01 Rebuild Processes (CRC)__3. Quick Win__Short Block Kits Save Time, Improve Quality.txt"
4.0 Component Rebuild (CRC)\4.01 Rebuild Processes (CRC)\3. Quick Win\Storage Device to Transport Brake Discs.pdf,634025,7,5539,ok,texts\4.0 Component Rebuild (CRC)__4.01 Rebuild Processes (CRC)__3. Quick Win__Storage Device to Transport Brake Discs.txt
4.0 Component Rebuild (CRC)\4.01 Rebuild Processes (CRC)\3. Quick Win\Storage Stand For Adapters And Plates Used In Transmission.pdf,607123,4,4136,ok,texts\4.0 Component Rebuild (CRC)__4.01 Rebuild Processes (CRC)__3. Quick Win__Storage Stand For Adapters And Plates Used In Transmission.txt
4.0 Component Rebuild (CRC)\4.01 Rebuild Processes (CRC)\3. Quick Win\Tool to Install Transmission Control Valve 383-7597 Ring Retainer.pdf,259527,6,5053,error,
4.0 Component Rebuild (CRC)\4.02 Salvage Processes (Shop)\1. Strategic\Managing Parts Reuse & Replace Decisions with Dedicated Resource.pdf,101438,4,6173,error,
4.0 Component Rebuild (CRC)\4.02 Salvage Processes (Shop)\2. Tactical\3500 Cylinder Head Water Passage Fixture.pdf,707442,8,6346,ok,texts\4.0 Component Rebuild (CRC)__4.02 Salvage Processes (Shop)__2. Tactical__3500 Cylinder Head Water Passage Fixture.txt
4.0 Component Rebuild (CRC)\4.02 Salvage Processes (Shop)\2. Tactical\3500 Engine Series Water Lines Group Parts Salvage.pdf,2263614,11,8671,ok,texts\4.0 Component Rebuild (CRC)__4.02 Salvage Processes (Shop)__2. Tactical__3500 Engine Series Water Lines Group Parts Salvage.txt
4.0 Component Rebuild (CRC)\4.02 Salvage Processes (Shop)\2. Tactical\Cleaning and Recycling of Metallic Waste in Machining Shop.pdf,239827,6,5324,ok,texts\4.0 Component Rebuild (CRC)__4.02 Salvage Processes (Shop)__2. Tactical__Cleaning and Recycling of Metallic Waste in Machining Shop.txt
4.0 Component Rebuild (CRC)\4.02 Salvage Processes (Shop)\2. Tactical\Cost and Time Reduction Using Tap Thread Coated with Vanadium.pdf,143868,4,4009,ok,texts\4.0 Component Rebuild (CRC)__4.02 Salvage Processes (Shop)__2. Tactical__Cost and Time Reduction Using Tap Thread Coated with Vanadium.txt
4.0 Component Rebuild (CRC)\4.02 Salvage Processes (Shop)\2. Tactical\Salvage Jobs Standardization.pdf,96283,5,6935,ok,texts\4.0 Component Rebuild (CRC)__4.02 Salvage Processes (Shop)__2. Tactical__Salvage Jobs Standardization.txt
4.0 Component Rebuild (CRC)\4.02 Salvage Processes (Shop)\2. Tactical\Salvage Mounting Surfaces of the Track Guides.pdf,193695,9,7492,ok,texts\4.0 Component Rebuild (CRC)__4.02 Salvage Processes (Shop)__2. Tactical__Salvage Mounting Surfaces of the Track Guides.txt
4.0 Component Rebuild (CRC)\4.02 Salvage Processes (Shop)\2. Tactical\Salvage Of Pin Slot Using Standard Sleeve.pdf,205647,7,7175,ok,texts\4.0 Component Rebuild (CRC)__4.02 Salvage Processes (Shop)__2. Tactical__Salvage Of Pin Slot Using Standard Sleeve.txt
4.0 Component Rebuild (CRC)\4.02 Salvage Processes (Shop)\3. Quick Win\Hydraulic Cylinder Head Salvage by Installing Bronze Bushing.pdf,112554,4,5852,ok,texts\4.0 Component Rebuild (CRC)__4.02 Salvage Processes (Shop)__3. Quick Win__Hydraulic Cylinder Head Salvage by Installing Bronze Bushing.txt
4.0 Component Rebuild (CRC)\4.02 Salvage Processes (Shop)\3. Quick Win\Improved 3500 Engine Exhaust Manifold Salvage.pdf,117366,4,4495,ok,texts\4.0 Component Rebuild (CRC)__4.02 Salvage Processes (Shop)__3. Quick Win__Improved 3500 Engine Exhaust Manifold Salvage.txt
4.0 Component Rebuild (CRC)\4.02 Salvage Processes (Shop)\3. Quick Win\Reconditioning of Cylinder Block – Cleaning of Metal Spray Waste.pdf,388168,7,9226,error,
4.0 Component Rebuild (CRC)\4.02 Salvage Processes (Shop)\3. Quick Win\Tooling for Deburring Cylinder Block Top Deck after Machining.pdf,129021,5,5151,error,
4.0 Component Rebuild (CRC)\4.02 Salvage Processes (Shop)\3. Quick Win\Use of Thermography Camera to Control Quality of Welding.pdf,174655,6,6751,ok,texts\4.0 Component Rebuild (CRC)__4.02 Salvage Processes (Shop)__3. Quick Win__Use of Thermography Camera to Control Quality of Welding.txt
4.0 Component Rebuild (CRC)\4.03 Facility & Tooling\1. Strategic\Work area optimization (5S).pdf,225411,7,9172,ok,texts\4.0 Component Rebuild (CRC)__4.03 Facility & Tooling__1. Strategic__Work area optimization (5S).txt
4.0 Component Rebuild (CRC)\4.03 Facility & Tooling\2. Tactical\3500 Crankshaft and Camshaft Storage.pdf,700893,10,11460,ok,texts\4.0 Component Rebuild (CRC)__4.03 Facility & Tooling__2. Tactical__3500 Crankshaft and Camshaft Storage.txt
4.0 Component Rebuild (CRC)\4.03 Facility & Tooling\2. Tactical\3500 Engine Aftercooler Assembly Test.pdf,338781,4,4629,ok,texts\4.0 Component Rebuild (CRC)__4.03 Facility & Tooling__2. Tactical__3500 Engine Aftercooler Assembly Test.txt
4.0 Component Rebuild (CRC)\4.03 Facility & Tooling\2. Tactical\3500 Engine Cylinder Head Group Lifting Tool.pdf,1497818,9,7636,ok,texts\4.0 Component Rebuild (CRC)__4.03 Facility & Tooling__2. Tactical__3500 Engine Cylinder Head Group Lifting Tool.txt
4.0 Component Rebuild (CRC)\4.03 Facility & Tooling\2. Tactical\3500 Filter Base Stud Installation Tool.pdf,506849,6,6739,ok,texts\4.0 Component Rebuild (CRC)__4.03 Facility & Tooling__2. Tactical__3500 Filter Base Stud Installation Tool.txt
4.0 Component Rebuild (CRC)\4.03 Facility & Tooling\2. Tactical\773 Transfer Gear Adjusting Fixture.pdf,802095,4,4417,ok,texts\4.0 Component Rebuild (CRC)__4.03 Facility & Tooling__2. Tactical__773 Transfer Gear Adjusting Fixture.txt
4.0 Component Rebuild (CRC)\4.03 Facility & Tooling\2. Tactical\777F Final Drive Ring gear – Hub group Lifting Tool.pdf,166867,5,5953,ok,texts\4.0 Component Rebuild (CRC)__4.03 Facility & Tooling__2. Tactical__777F Final Drive Ring gear – Hub group Lifting Tool.txt
4.0 Component Rebuild (CRC)\4.03 Facility & Tooling\2. Tactical\785 789 Transmissi​on Disassembl​y Assembly Stand.pdf,1203620,4,4768,ok,texts\4.0 Component Rebuild (CRC)__4.03 Facility & Tooling__2. Tactical__785 789 Transmissi​on Disassembl​y Assembly Stand.txt
4.0 Component Rebuild (CRC)\4.03 Facility & Tooling\2. Tactical\793D Final Drive Planetary Group Lifting Tool.pdf,1736007,10,8628,ok,texts\4.0 Component Rebuild (CRC)__4.03 Facility & Tooling__2. Tactical__793D Final Drive Planetary Group Lifting Tool.txt
4.0 Component Rebuild (CRC)\4.03 Facility & Tooling\2. Tactical\797F Truck Brake Accumulator Remove and Install Tool.pdf,1799211,9,12569,ok,texts\4.0 Component Rebuild (CRC)__4.03 Facility & Tooling__2. Tactical__797F Truck Brake Accumulator Remove and Install Tool.txt
4.0 Component Rebuild (CRC)\4.03 Facility & Tooling\2. Tactical\Brake Apply - Leakage Test.pdf,336164,9,9874,ok,texts\4.0 Component Rebuild (CRC)__4.03 Facility & Tooling__2. Tactical__Brake Apply - Leakage Test.txt
4.0 Component Rebuild (CRC)\4.03 Facility & Tooling\2. Tactical\Bypass Valve Cover Installation Tool in Oil Filters Base for 3500 Engines.pdf,627815,5,6270,error,
4.0 Component Rebuild (CRC)\4.03 Facility & Tooling\2. Tactical\C15 and C18 Engines Camshaft Bearings Assembly and Disassembly Stand.pdf,894547,6,7076,error,
4.0 Component Rebuild (CRC)\4.03 Facility & Tooling\2. Tactical\Crankshaft and Camshaft Washing Stand for Turntable Washer.pdf,953845,4,5851,ok,texts\4.0 Component Rebuild (CRC)__4.03 Facility & Tooling__2. Tactical__Crankshaft and Camshaft Washing Stand for Turntable Washer.txt
4.0 Component Rebuild (CRC)\4.03 Facility & Tooling\2. Tactical\CRC Hand Tool Management.pdf,82589,5,10301,ok,texts\4.0 Component Rebuild (CRC)__4.03 Facility & Tooling__2. Tactical__CRC Hand Tool Management.txt
4.0 Component Rebuild (CRC)\4.03 Facility & Tooling\2. Tactical\Dealer Fabricated Tool Management.pdf,160592,3,5156,ok,texts\4.0 Component Rebuild (CRC)__4.03 Facility & Tooling__2. Tactical__Dealer Fabricated Tool Management.txt
4.0 Component Rebuild (CRC)\4.03 Facility & Tooling\2. Tactical\Dyno Room Fluid Lines.pdf,145090,4,7202,ok,texts\4.0 Component Rebuild (CRC)__4.03 Facility & Tooling__2. Tactical__Dyno Room Fluid Lines.txt
4.0 Component Rebuild (CRC)\4.03 Facility & Tooling\2. Tactical\Electric Pallet Trucks Reduce Material Handling Costs.pdf,146284,4,5689,ok,texts\4.0 Component Rebuild (CRC)__4.03 Facility & Tooling__2. Tactical__Electric Pallet Trucks Reduce Material Handling Costs.txt
4.0 Component Rebuild (CRC)\4.03 Facility & Tooling\2. Tactical\Fabricated Tool for Final Drive Carrier Shaft Disassembly.pdf,1023472,9,6134,ok,texts\4.0 Component Rebuild (CRC)__4.03 Facility & Tooling__2. Tactical__Fabricated Tool for Final Drive Carrier Shaft Disassembly.txt
4.0 Component Rebuild (CRC)\4.03 Facility & Tooling\2. Tactical\Front Housing & Fan GP Rotating Stand for 3500 Series Engines.pdf,1264678,5,6143,ok,texts\4.0 Component Rebuild (CRC)__4.03 Facility & Tooling__2. Tactical__Front Housing & Fan GP Rotating Stand for 3500 Series Engines.txt
4.0 Component Rebuild (CRC)\4.03 Facility & Tooling\2. Tactical\In-Ground Silo for Cabinet Washers.pdf,290637,6,5048,ok,texts\4.0 Component Rebuild (CRC)__4.03 Facility & Tooling__2. Tactical__In-Ground Silo for Cabinet Washers.txt
4.0 Component Rebuild (CRC)\4.03 Facility & Tooling\2. Tactical\Installation Tool Sun Gear – Final Drive 793 - 797.pdf,263648,6,5262,ok,texts\4.0 Component Rebuild (CRC)__4.03 Facility & Tooling__2. Tactical__Installation Tool Sun Gear – Final Drive 793 - 797.txt
4.0 Component Rebuild (CRC)\4.03 Facility & Tooling\2. Tactical\Lifting Tool for 3500 Engines Series Cylinder Liners.pdf,211297,7,8104,ok,texts\4.0 Component Rebuild (CRC)__4.03 Facility & Tooling__2. Tactical__Lifting Tool for 3500 Engines Series Cylinder Liners.txt
4.0 Component Rebuild (CRC)\4.03 Facility & Tooling\2. Tactical\Lifting Tool for Single Grouser Shoes Install and Removal on D Series TTT.pdf,704277,10,14354,error,
"4.0 Component Rebuild (CRC)\4.03 Facility & Tooling\2. Tactical\OHT, LMT Rear Suspension Test Bench.pdf",493260,6,6016,ok,"texts\4.0 Component Rebuild (CRC)__4.03 Facility & Tooling__2. Tactical__OHT, LMT Rear Suspension Test Bench.txt"
4.0 Component Rebuild (CRC)\4.03 Facility & Tooling\2. Tactical\Plug and Play System for Engine Readiness in the Dynamometer.pdf,433918,7,8194,ok,texts\4.0 Component Rebuild (CRC)__4.03 Facility & Tooling__2. Tactical__Plug and Play System for Engine Readiness in the Dynamometer.txt
4.0 Component Rebuild (CRC)\4.03 Facility & Tooling\2. Tactical\Reduce Customer PM Cost with Air Filter Cleaning Service.pdf,126696,4,6154,ok,texts\4.0 Component Rebuild (CRC)__4.03 Facility & Tooling__2. Tactical__Reduce Customer PM Cost with Air Filter Cleaning Service.txt
4.0 Component Rebuild (CRC)\4.03 Facility & Tooling\2. Tactical\Spacer Plate Storage Rack.pdf,185617,4,3999,ok,texts\4.0 Component Rebuild (CRC)__4.03 Facility & Tooling__2. Tactical__Spacer Plate Storage Rack.txt
4.0 Component Rebuild (CRC)\4.03 Facility & Tooling\2. Tactical\Testing Procedures for C175 dampers.pdf,1401109,11,13444,ok,texts\4.0 Component Rebuild (CRC)__4.03 Facility & Tooling__2. Tactical__Testing Procedures for C175 dampers.txt
4.0 Component Rebuild (CRC)\4.03 Facility & Tooling\2. Tactical\Tool Calibration Lab.pdf,553406,6,6990,ok,texts\4.0 Component Rebuild (CRC)__4.03 Facility & Tooling__2. Tactical__Tool Calibration Lab.txt
4.0 Component Rebuild (CRC)\4.03 Facility & Tooling\2. Tactical\Tool to Support Large Planetaries.pdf,502399,7,5812,ok,texts\4.0 Component Rebuild (CRC)__4.03 Facility & Tooling__2. Tactical__Tool to Support Large Planetaries.txt
4.0 Component Rebuild (CRC)\4.03 Facility & Tooling\2. Tactical\Tooling Setup for R&I of Steering Cylinders & Tie Rods in LOHT.pdf,490095,8,8858,ok,texts\4.0 Component Rebuild (CRC)__4.03 Facility & Tooling__2. Tactical__Tooling Setup for R&I of Steering Cylinders & Tie Rods in LOHT.txt
4.0 Component Rebuild (CRC)\4.03 Facility & Tooling\2. Tactical\WIP Parts Storage Boxes and Lifting Tool.pdf,559534,10,9759,ok,texts\4.0 Component Rebuild (CRC)__4.03 Facility & Tooling__2. Tactical__WIP Parts Storage Boxes and Lifting Tool.txt
4.0 Component Rebuild (CRC)\4.03 Facility & Tooling\3. Quick Win\3500 Crankshaft Installing Guide Block.pdf,2200437,6,6017,ok,texts\4.0 Component Rebuild (CRC)__4.03 Facility & Tooling__3. Quick Win__3500 Crankshaft Installing Guide Block.txt
4.0 Component Rebuild (CRC)\4.03 Facility & Tooling\3. Quick Win\3500 Engine Cylinder Head Bolt Torque Fixture.pdf,239115,7,6825,ok,texts\4.0 Component Rebuild (CRC)__4.03 Facility & Tooling__3. Quick Win__3500 Engine Cylinder Head Bolt Torque Fixture.txt
4.0 Component Rebuild (CRC)\4.03 Facility & Tooling\3. Quick Win\3500 Engine Cylinder Liner Clamp Tool.pdf,1964846,5,4642,ok,texts\4.0 Component Rebuild (CRC)__4.03 Facility & Tooling__3. Quick Win__3500 Engine Cylinder Liner Clamp Tool.txt
4.0 Component Rebuild (CRC)\4.03 Facility & Tooling\3. Quick Win\3500 Engine Series Camshaft Bearing Installation Tool .pdf,426130,6,5111,ok,texts\4.0 Component Rebuild (CRC)__4.03 Facility & Tooling__3. Quick Win__3500 Engine Series Camshaft Bearing Installation Tool.txt
"4.0 Component Rebuild (CRC)\4.03 Facility & Tooling\3. Quick Win\3500, 3400, and C175 Crankshaft Turn Tool for Shortblock.pdf",405273,7,6205,ok,"texts\4.0 Component Rebuild (CRC)__4.03 Facility & Tooling__3. Quick Win__3500, 3400, and C175 Crankshaft Turn Tool for Shortblock.txt"
4.0 Component Rebuild (CRC)\4.03 Facility & Tooling\3. Quick Win\3600 & C280 Cam Follower Holding Tools.pdf,281675,4,5413,ok,texts\4.0 Component Rebuild (CRC)__4.03 Facility & Tooling__3. Quick Win__3600 & C280 Cam Follower Holding Tools.txt
4.0 Component Rebuild (CRC)\4.03 Facility & Tooling\3. Quick Win\777 - Carrier Pin Extraction Tool.pdf,1357697,7,7123,ok,texts\4.0 Component Rebuild (CRC)__4.03 Facility & Tooling__3. Quick Win__777 - Carrier Pin Extraction Tool.txt
4.0 Component Rebuild (CRC)\4.03 Facility & Tooling\3. Quick Win\789 Final Drive Inner Carrier Lifting Tool.pdf,727235,6,6495,ok,texts\4.0 Component Rebuild (CRC)__4.03 Facility & Tooling__3. Quick Win__789 Final Drive Inner Carrier Lifting Tool.txt
4.0 Component Rebuild (CRC)\4.03 Facility & Tooling\3. Quick Win\789-793 Final Drive Lifting Tool.pdf,1036665,8,7438,ok,texts\4.0 Component Rebuild (CRC)__4.03 Facility & Tooling__3. Quick Win__789-793 Final Drive Lifting Tool.txt
4.0 Component Rebuild (CRC)\4.03 Facility & Tooling\3. Quick Win\793C Aftercooler Adapter Remover.pdf,988980,5,4350,ok,texts\4.0 Component Rebuild (CRC)__4.03 Facility & Tooling__3. Quick Win__793C Aftercooler Adapter Remover.txt
4.0 Component Rebuild (CRC)\4.03 Facility & Tooling\3. Quick Win\797F Oil Pan Support Assembly.pdf,672555,4,3915,ok,texts\4.0 Component Rebuild (CRC)__4.03 Facility & Tooling__3. Quick Win__797F Oil Pan Support Assembly.txt
4.0 Component Rebuild (CRC)\4.03 Facility & Tooling\3. Quick Win\980H Steering Pump Maximum Angle Piston Torque Tool.pdf,440365,5,5250,ok,texts\4.0 Component Rebuild (CRC)__4.03 Facility & Tooling__3. Quick Win__980H Steering Pump Maximum Angle Piston Torque Tool.txt
4.0 Component Rebuild (CRC)\4.03 Facility & Tooling\3. Quick Win\Adapter for High Pressure Fuel Pump Cleaning.pdf,544842,5,5516,ok,texts\4.0 Component Rebuild (CRC)__4.03 Facility & Tooling__3. Quick Win__Adapter for High Pressure Fuel Pump Cleaning.txt
4.0 Component Rebuild (CRC)\4.03 Facility & Tooling\3. Quick Win\Airless Spray Painting.pdf,312026,6,11292,ok,texts\4.0 Component Rebuild (CRC)__4.03 Facility & Tooling__3. Quick Win__Airless Spray Painting.txt
4.0 Component Rebuild (CRC)\4.03 Facility & Tooling\3. Quick Win\All Type Gear Inspection Stand.pdf,757351,6,4987,ok,texts\4.0 Component Rebuild (CRC)__4.03 Facility & Tooling__3. Quick Win__All Type Gear Inspection Stand.txt
"4.0 Component Rebuild (CRC)\4.03 Facility & Tooling\3. Quick Win\Assembly Tool for C175 Engine Connecting Rods, Pistons and Liners.pdf",258597,5,4415,ok,"texts\4.0 Component Rebuild (CRC)__4.03 Facility & Tooling__3. Quick Win__Assembly Tool for C175 Engine Connecting Rods, Pistons and Liners.txt"
4.0 Component Rebuild (CRC)\4.03 Facility & Tooling\3. Quick Win\Barrel Port Plate Revision Tool.pdf,524744,5,6114,ok,texts\4.0 Component Rebuild (CRC)__4.03 Facility & Tooling__3. Quick Win__Barrel Port Plate Revision Tool.txt
4.0 Component Rebuild (CRC)\4.03 Facility & Tooling\3. Quick Win\C32 Oil Jet Reusability Determination Fixture.pdf,120242,4,4593,ok,texts\4.0 Component Rebuild (CRC)__4.03 Facility & Tooling__3. Quick Win__C32 Oil Jet Reusability Determination Fixture.txt
4.0 Component Rebuild (CRC)\4.03 Facility & Tooling\3. Quick Win\Connection Bypass on Main Cooling for 3500 Engine Test.pdf,271215,5,6651,ok,texts\4.0 Component Rebuild (CRC)__4.03 Facility & Tooling__3. Quick Win__Connection Bypass on Main Cooling for 3500 Engine Test.txt
4.0 Component Rebuild (CRC)\4.03 Facility & Tooling\3. Quick Win\Cylinder Head Lifting Jib.pdf,138974,4,5428,ok,texts\4.0 Component Rebuild (CRC)__4.03 Facility & Tooling__3. Quick Win__Cylinder Head Lifting Jib.txt
4.0 Component Rebuild (CRC)\4.03 Facility & Tooling\3. Quick Win\D11 Series Pivot Shaft Block Tool.pdf,221272,7,8837,ok,texts\4.0 Component Rebuild (CRC)__4.03 Facility & Tooling__3. Quick Win__D11 Series Pivot Shaft Block Tool.txt
4.0 Component Rebuild (CRC)\4.03 Facility & Tooling\3. Quick Win\D8T-D9T Carrier Shaft Removing Plate.pdf,924267,5,5554,ok,texts\4.0 Component Rebuild (CRC)__4.03 Facility & Tooling__3. Quick Win__D8T-D9T Carrier Shaft Removing Plate.txt
4.0 Component Rebuild (CRC)\4.03 Facility & Tooling\3. Quick Win\Disassemble & Assemble Tool for 793 Hub Brake.pdf,243972,4,3848,ok,texts\4.0 Component Rebuild (CRC)__4.03 Facility & Tooling__3. Quick Win__Disassemble & Assemble Tool for 793 Hub Brake.txt
4.0 Component Rebuild (CRC)\4.03 Facility & Tooling\3. Quick Win\Engine Cylinder Head Group Installation – Intake Flange Alignment Gauge.pdf,248193,5,4770,error,
4.0 Component Rebuild (CRC)\4.03 Facility & Tooling\3. Quick Win\Fabricated Tool to Remove and Install OHT Wheel Studs.pdf,490057,4,4264,ok,texts\4.0 Component Rebuild (CRC)__4.03 Facility & Tooling__3. Quick Win__Fabricated Tool to Remove and Install OHT Wheel Studs.txt
4.0 Component Rebuild (CRC)\4.03 Facility & Tooling\3. Quick Win\Fixture for Grinding 3500 Rocker Arm Bushings.pdf,399759,6,5194,ok,texts\4.0 Component Rebuild (CRC)__4.03 Facility & Tooling__3. Quick Win__Fixture for Grinding 3500 Rocker Arm Bushings.txt
4.0 Component Rebuild (CRC)\4.03 Facility & Tooling\3. Quick Win\Floor Mounted Cooler Assembly Fixtures.pdf,251149,4,4286,ok,texts\4.0 Component Rebuild (CRC)__4.03 Facility & Tooling__3. Quick Win__Floor Mounted Cooler Assembly Fixtures.txt
4.0 Component Rebuild (CRC)\4.03 Facility & Tooling\3. Quick Win\Gauge for Measuring Duo Cone Seal Ramp Wear.pdf,100999,4,4372,ok,texts\4.0 Component Rebuild (CRC)__4.03 Facility & Tooling__3. Quick Win__Gauge for Measuring Duo Cone Seal Ramp Wear.txt
4.0 Component Rebuild (CRC)\4.03 Facility & Tooling\3. Quick Win\Gauge to Align 3500 Engine Camshaft Bearings During Installation.pdf,282143,5,5589,ok,texts\4.0 Component Rebuild (CRC)__4.03 Facility & Tooling__3. Quick Win__Gauge to Align 3500 Engine Camshaft Bearings During Installation.txt
4.0 Component Rebuild (CRC)\4.03 Facility & Tooling\3. Quick Win\Hydraulic Stand For Disassembly of Rear Suspension Cylinder.pdf,433966,8,6655,ok,texts\4.0 Component Rebuild (CRC)__4.03 Facility & Tooling__3. Quick Win__Hydraulic Stand For Disassembly of Rear Suspension Cylinder.txt
4.0 Component Rebuild (CRC)\4.03 Facility & Tooling\3. Quick Win\Hydraulic Test Bench Reflector.pdf,231781,4,4039,ok,texts\4.0 Component Rebuild (CRC)__4.03 Facility & Tooling__3. Quick Win__Hydraulic Test Bench Reflector.txt
4.0 Component Rebuild (CRC)\4.03 Facility & Tooling\3. Quick Win\Improved Painting Process of 777 Final Drives.pdf,672583,4,4835,ok,texts\4.0 Component Rebuild (CRC)__4.03 Facility & Tooling__3. Quick Win__Improved Painting Process of 777 Final Drives.txt
4.0 Component Rebuild (CRC)\4.03 Facility & Tooling\3. Quick Win\Improving the Protection Of Parts Using VCI Stretch Film.pdf,208299,6,6484,ok,texts\4.0 Component Rebuild (CRC)__4.03 Facility & Tooling__3. Quick Win__Improving the Protection Of Parts Using VCI Stretch Film.txt
4.0 Component Rebuild (CRC)\4.03 Facility & Tooling\3. Quick Win\In Ground Silo Rebuild Station for OHT Wheel Groups.pdf,333751,6,6497,ok,texts\4.0 Component Rebuild (CRC)__4.03 Facility & Tooling__3. Quick Win__In Ground Silo Rebuild Station for OHT Wheel Groups.txt
4.0 Component Rebuild (CRC)\4.03 Facility & Tooling\3. Quick Win\Installation Valve Guides C175.pdf,277460,5,4347,ok,texts\4.0 Component Rebuild (CRC)__4.03 Facility & Tooling__3. Quick Win__Installation Valve Guides C175.txt
4.0 Component Rebuild (CRC)\4.03 Facility & Tooling\3. Quick Win\Jig to Assist in Modifying C175 373-5448 Rocker Stand to 525-1901.pdf,500784,6,5238,ok,texts\4.0 Component Rebuild (CRC)__4.03 Facility & Tooling__3. Quick Win__Jig to Assist in Modifying C175 373-5448 Rocker Stand to 525-1901.txt
4.0 Component Rebuild (CRC)\4.03 Facility & Tooling\3. Quick Win\Lug Nut Disassembly and Assembly Support Apparatus.pdf,1068440,8,7212,ok,texts\4.0 Component Rebuild (CRC)__4.03 Facility & Tooling__3. Quick Win__Lug Nut Disassembly and Assembly Support Apparatus.txt
4.0 Component Rebuild (CRC)\4.03 Facility & Tooling\3. Quick Win\Managing CRC Supplies.pdf,634855,6,6777,ok,texts\4.0 Component Rebuild (CRC)__4.03 Facility & Tooling__3. Quick Win__Managing CRC Supplies.txt
4.0 Component Rebuild (CRC)\4.03 Facility & Tooling\3. Quick Win\Multi Purpose Tool for Assembly Pump GP Water Auxiliary.pdf,611266,7,6189,ok,texts\4.0 Component Rebuild (CRC)__4.03 Facility & Tooling__3. Quick Win__Multi Purpose Tool for Assembly Pump GP Water Auxiliary.txt
4.0 Component Rebuild (CRC)\4.03 Facility & Tooling\3. Quick Win\Oil Leakage Prevention for 385C FS Engine.pdf,1107029,4,5323,ok,texts\4.0 Component Rebuild (CRC)__4.03 Facility & Tooling__3. Quick Win__Oil Leakage Prevention for 385C FS Engine.txt
4.0 Component Rebuild (CRC)\4.03 Facility & Tooling\3. Quick Win\Parts Blasting Enhancement.pdf,96253,4,8709,ok,texts\4.0 Component Rebuild (CRC)__4.03 Facility & Tooling__3. Quick Win__Parts Blasting Enhancement.txt
4.0 Component Rebuild (CRC)\4.03 Facility & Tooling\3. Quick Win\Parts Buffer Enhancement.pdf,96390,4,8639,ok,texts\4.0 Component Rebuild (CRC)__4.03 Facility & Tooling__3. Quick Win__Parts Buffer Enhancement.txt
4.0 Component Rebuild (CRC)\4.03 Facility & Tooling\3. Quick Win\Plate Ear Control Tool.pdf,1075504,5,5098,ok,texts\4.0 Component Rebuild (CRC)__4.03 Facility & Tooling__3. Quick Win__Plate Ear Control Tool.txt
4.0 Component Rebuild (CRC)\4.03 Facility & Tooling\3. Quick Win\Protection of the Brake Pack During Washing.pdf,306694,8,8970,ok,texts\4.0 Component Rebuild (CRC)__4.03 Facility & Tooling__3. Quick Win__Protection of the Brake Pack During Washing.txt
4.0 Component Rebuild (CRC)\4.03 Facility & Tooling\3. Quick Win\Protective Materials for Workbench Table Tops.pdf,285945,5,4048,ok,texts\4.0 Component Rebuild (CRC)__4.03 Facility & Tooling__3. Quick Win__Protective Materials for Workbench Table Tops.txt
4.0 Component Rebuild (CRC)\4.03 Facility & Tooling\3. Quick Win\R1300G Final Drive Bolt Spinning Prevention Fixture.pdf,603031,5,5702,ok,texts\4.0 Component Rebuild (CRC)__4.03 Facility & Tooling__3. Quick Win__R1300G Final Drive Bolt Spinning Prevention Fixture.txt
4.0 Component Rebuild (CRC)\4.03 Facility & Tooling\3. Quick Win\Sealed storage staging cabinets and short block kits reduce costs.pdf,460384,8,8036,ok,texts\4.0 Component Rebuild (CRC)__4.03 Facility & Tooling__3. Quick Win__Sealed storage staging cabinets and short block kits reduce costs.txt
4.0 Component Rebuild (CRC)\4.03 Facility & Tooling\3. Quick Win\Simple & Efficient Tool for Cleaning Piston Pins.pdf,156060,4,4071,ok,texts\4.0 Component Rebuild (CRC)__4.03 Facility & Tooling__3. Quick Win__Simple & Efficient Tool for Cleaning Piston Pins.txt
4.0 Component Rebuild (CRC)\4.03 Facility & Tooling\3. Quick Win\Stands for Painting on Cylindrical Components.pdf,1496583,6,8678,ok,texts\4.0 Component Rebuild (CRC)__4.03 Facility & Tooling__3. Quick Win__Stands for Painting on Cylindrical Components.txt
4.0 Component Rebuild (CRC)\4.03 Facility & Tooling\3. Quick Win\Tool for Assembling Camshaft Gears.pdf,826961,7,4871,ok,texts\4.0 Component Rebuild (CRC)__4.03 Facility & Tooling__3. Quick Win__Tool for Assembling Camshaft Gears.txt
4.0 Component Rebuild (CRC)\4.03 Facility & Tooling\3. Quick Win\Tool For Easy Measurement of Backlash Between Bevel Gear and Pinion.pdf,225945,5,4938,error,
4.0 Component Rebuild (CRC)\4.03 Facility & Tooling\3. Quick Win\Tool for Installing 3412 & 3408 Engines Injection Pumps.pdf,416219,5,6779,ok,texts\4.0 Component Rebuild (CRC)__4.03 Facility & Tooling__3. Quick Win__Tool for Installing 3412 & 3408 Engines Injection Pumps.txt
4.0 Component Rebuild (CRC)\4.03 Facility & Tooling\3. Quick Win\Tool for Installing Transmission Bolt Damper.pdf,149580,4,4278,ok,texts\4.0 Component Rebuild (CRC)__4.03 Facility & Tooling__3. Quick Win__Tool for Installing Transmission Bolt Damper.txt
4.0 Component Rebuild (CRC)\4.03 Facility & Tooling\3. Quick Win\Tool for Lifting Piston and Connecting Rod - 3500 Engines.pdf,245937,6,6046,ok,texts\4.0 Component Rebuild (CRC)__4.03 Facility & Tooling__3. Quick Win__Tool for Lifting Piston and Connecting Rod - 3500 Engines.txt
4.0 Component Rebuild (CRC)\4.03 Facility & Tooling\3. Quick Win\Tooling for Deburring Cylinder Block Top Deck after Machining.pdf,129021,5,5151,ok,texts\4.0 Component Rebuild (CRC)__4.03 Facility & Tooling__3. Quick Win__Tooling for Deburring Cylinder Block Top Deck after Machining.txt
4.0 Component Rebuild (CRC)\4.03 Facility & Tooling\3. Quick Win\Upgraded C175 Connecting Rod Measurement Method.pdf,12444506,8,6073,ok,texts\4.0 Component Rebuild (CRC)__4.03 Facility & Tooling__3. Quick Win__Upgraded C175 Connecting Rod Measurement Method.txt
4.0 Component Rebuild (CRC)\4.03 Facility & Tooling\3. Quick Win\Valve GP-Modulating Test Tool.pdf,12451670,5,5720,ok,texts\4.0 Component Rebuild (CRC)__4.03 Facility & Tooling__3. Quick Win__Valve GP-Modulating Test Tool.txt
4.0 Component Rebuild (CRC)\4.03 Facility & Tooling\3. Quick Win\Wheel Station Upender Equipment.pdf,283167,5,5442,ok,texts\4.0 Component Rebuild (CRC)__4.03 Facility & Tooling__3. Quick Win__Wheel Station Upender Equipment.txt
4.0 Component Rebuild (CRC)\4.03 Facility & Tooling\3. Quick Win\Wireless SIS Web Workstation.pdf,1361394,4,6012,ok,texts\4.0 Component Rebuild (CRC)__4.03 Facility & Tooling__3. Quick Win__Wireless SIS Web Workstation.txt
4.0 Component Rebuild (CRC)\4.03 Facility & Tooling\3. Quick Win\Workshop Daily Planning Board .pdf,349340,5,9529,ok,texts\4.0 Component Rebuild (CRC)__4.03 Facility & Tooling__3. Quick Win__Workshop Daily Planning Board.txt
"4.0 Component Rebuild (CRC)\4.04 CRC Management\1. Strategic\Component Repair, Rebuild, Reman Strategy.pdf",93492,7,13842,ok,"texts\4.0 Component Rebuild (CRC)__4.04 CRC Management__1. Strategic__Component Repair, Rebuild, Reman Strategy.txt"
4.0 Component Rebuild (CRC)\4.04 CRC Management\1. Strategic\CRC Certification Promotes Continuous Improvement.pdf,282599,7,11536,ok,texts\4.0 Component Rebuild (CRC)__4.04 CRC Management__1. Strategic__CRC Certification Promotes Continuous Improvement.txt
4.0 Component Rebuild (CRC)\4.04 CRC Management\1. Strategic\CRC Investment Analysis Process - Measuring Return on Investment.pdf,54637,4,9892,ok,texts\4.0 Component Rebuild (CRC)__4.04 CRC Management__1. Strategic__CRC Investment Analysis Process - Measuring Return on Investment.txt
4.0 Component Rebuild (CRC)\4.04 CRC Management\1. Strategic\Forecasting CRC Component Rebuild Volume and Capacity.pdf,3552799,7,12611,ok,texts\4.0 Component Rebuild (CRC)__4.04 CRC Management__1. Strategic__Forecasting CRC Component Rebuild Volume and Capacity.txt
4.0 Component Rebuild (CRC)\4.04 CRC Management\1. Strategic\Improving CRC Component Turnaround Time.pdf,717707,7,10633,ok,texts\4.0 Component Rebuild (CRC)__4.04 CRC Management__1. Strategic__Improving CRC Component Turnaround Time.txt
4.0 Component Rebuild (CRC)\4.04 CRC Management\1. Strategic\Managing CRC Operations in Legacy SAP ERP.pdf,513317,18,22126,ok,texts\4.0 Component Rebuild (CRC)__4.04 CRC Management__1. Strategic__Managing CRC Operations in Legacy SAP ERP.txt
4.0 Component Rebuild (CRC)\4.04 CRC Management\1. Strategic\Standard Parts Usage Policy for Component Rebuilds.pdf,212567,7,11146,ok,texts\4.0 Component Rebuild (CRC)__4.04 CRC Management__1. Strategic__Standard Parts Usage Policy for Component Rebuilds.txt
4.0 Component Rebuild (CRC)\4.04 CRC Management\1. Strategic\Tool and Supplies Tracking - Software Solution.pdf,12253072,7,9620,ok,texts\4.0 Component Rebuild (CRC)__4.04 CRC Management__1. Strategic__Tool and Supplies Tracking - Software Solution.txt
4.0 Component Rebuild (CRC)\4.04 CRC Management\2. Tactical\Cell-Specific Service Reports.pdf,2507283,6,16445,ok,texts\4.0 Component Rebuild (CRC)__4.04 CRC Management__2. Tactical__Cell-Specific Service Reports.txt
4.0 Component Rebuild (CRC)\4.04 CRC Management\2. Tactical\Component Life Tracking a Valuable CRC Performance Indicator.pdf,176585,5,7749,ok,texts\4.0 Component Rebuild (CRC)__4.04 CRC Management__2. Tactical__Component Life Tracking a Valuable CRC Performance Indicator.txt
4.0 Component Rebuild (CRC)\4.04 CRC Management\2. Tactical\Component Rebuild Customer Reports.pdf,71636,4,7100,ok,texts\4.0 Component Rebuild (CRC)__4.04 CRC Management__2. Tactical__Component Rebuild Customer Reports.txt
4.0 Component Rebuild (CRC)\4.04 CRC Management\2. Tactical\CRC Expert TV.pdf,325052,9,11018,ok,texts\4.0 Component Rebuild (CRC)__4.04 CRC Management__2. Tactical__CRC Expert TV.txt
"4.0 Component Rebuild (CRC)\4.04 CRC Management\2. Tactical\CRC Housekeeping Policy Improves Quality, Efficiency, and Image.pdf",145363,3,4103,ok,"texts\4.0 Component Rebuild (CRC)__4.04 CRC Management__2. Tactical__CRC Housekeeping Policy Improves Quality, Efficiency, and Image.txt"
4.0 Component Rebuild (CRC)\4.04 CRC Management\2. Tactical\CRC Planning & Scheduling Systems.pdf,635043,7,9933,ok,texts\4.0 Component Rebuild (CRC)__4.04 CRC Management__2. Tactical__CRC Planning & Scheduling Systems.txt
4.0 Component Rebuild (CRC)\4.04 CRC Management\2. Tactical\Durability Analysis - Component Rebuild Parts Cost.pdf,240730,6,14752,ok,texts\4.0 Component Rebuild (CRC)__4.04 CRC Management__2. Tactical__Durability Analysis - Component Rebuild Parts Cost.txt
4.0 Component Rebuild (CRC)\4.04 CRC Management\2. Tactical\Fabricated Track Stand for Weld Repairs of D10R Frames.pdf,227295,5,4957,ok,texts\4.0 Component Rebuild (CRC)__4.04 CRC Management__2. Tactical__Fabricated Track Stand for Weld Repairs of D10R Frames.txt
4.0 Component Rebuild (CRC)\4.04 CRC Management\2. Tactical\Fixture for 3500 Cylinder Head Machining.pdf,309645,7,5694,ok,texts\4.0 Component Rebuild (CRC)__4.04 CRC Management__2. Tactical__Fixture for 3500 Cylinder Head Machining.txt
4.0 Component Rebuild (CRC)\4.04 CRC Management\2. Tactical\Improving the Last Labor to Work Order Invoicing (LLI) Process.pdf,148159,7,13902,ok,texts\4.0 Component Rebuild (CRC)__4.04 CRC Management__2. Tactical__Improving the Last Labor to Work Order Invoicing (LLI) Process.txt
4.0 Component Rebuild (CRC)\4.04 CRC Management\2. Tactical\Managing and Adjusting Major Component Flat Rates.pdf,164592,7,12518,ok,texts\4.0 Component Rebuild (CRC)__4.04 CRC Management__2. Tactical__Managing and Adjusting Major Component Flat Rates.txt
4.0 Component Rebuild (CRC)\4.04 CRC Management\2. Tactical\Managing Exchange Component Inventory Reduces Costs.pdf,210487,8,17093,ok,texts\4.0 Component Rebuild (CRC)__4.04 CRC Management__2. Tactical__Managing Exchange Component Inventory Reduces Costs.txt
4.0 Component Rebuild (CRC)\4.04 CRC Management\2. Tactical\Utilizing exchange program for slow-turn salvaged parts to improve CRC TAT.pdf,100967,3,5474,error,
4.0 Component Rebuild (CRC)\4.04 CRC Management\3. Quick Win\AFA Guidelines for Analyzing Duo-cone Seal Failures.pdf,3136769,4,3999,ok,texts\4.0 Component Rebuild (CRC)__4.04 CRC Management__3. Quick Win__AFA Guidelines for Analyzing Duo-cone Seal Failures.txt
4.0 Component Rebuild (CRC)\4.04 CRC Management\3. Quick Win\Component Rebuild History Tracking and Tagging.pdf,167607,4,5356,ok,texts\4.0 Component Rebuild (CRC)__4.04 CRC Management__3. Quick Win__Component Rebuild History Tracking and Tagging.txt
4.0 Component Rebuild (CRC)\4.04 CRC Management\3. Quick Win\E-PSSR.pdf,142687,5,7099,ok,texts\4.0 Component Rebuild (CRC)__4.04 CRC Management__3. Quick Win__E-PSSR.txt
4.0 Component Rebuild (CRC)\4.04 CRC Management\3. Quick Win\Effective Employee Suggestion Program.pdf,96564,7,5596,ok,texts\4.0 Component Rebuild (CRC)__4.04 CRC Management__3. Quick Win__Effective Employee Suggestion Program.txt
4.0 Component Rebuild (CRC)\4.04 CRC Management\3. Quick Win\Hydraulic Shop Stand for Lubrication of Suspension Cylinders During Assembly.pdf,391945,12,8327,error,
4.0 Component Rebuild (CRC)\4.04 CRC Management\3. Quick Win\Recommended Shipping and Storage Stands for Major Components.pdf,353798,6,8489,ok,texts\4.0 Component Rebuild (CRC)__4.04 CRC Management__3. Quick Win__Recommended Shipping and Storage Stands for Major Components.txt
4.0 Component Rebuild (CRC)\4.05 HSEC - CRC\2. Tactical\CRC Safety Inspection Checklist.pdf,124806,3,5936,ok,texts\4.0 Component Rebuild (CRC)__4.05 HSEC - CRC__2. Tactical__CRC Safety Inspection Checklist.txt
4.0 Component Rebuild (CRC)\4.05 HSEC - CRC\2. Tactical\HMS Bucket Repair Jig.pdf,240083,6,7571,ok,texts\4.0 Component Rebuild (CRC)__4.05 HSEC - CRC__2. Tactical__HMS Bucket Repair Jig.txt
4.0 Component Rebuild (CRC)\4.05 HSEC - CRC\3. Quick Win\3500 Oil Pumps Lifting Tool.pdf,900351,6,6311,ok,texts\4.0 Component Rebuild (CRC)__4.05 HSEC - CRC__3. Quick Win__3500 Oil Pumps Lifting Tool.txt
4.0 Component Rebuild (CRC)\4.05 HSEC - CRC\3. Quick Win\Connecting Rod Lifting Tool (Various Engines).pdf,824533,5,6958,ok,texts\4.0 Component Rebuild (CRC)__4.05 HSEC - CRC__3. Quick Win__Connecting Rod Lifting Tool (Various Engines).txt
"4.0 Component Rebuild (CRC)\4.05 HSEC - CRC\3. Quick Win\Engine Piston Pin Extractor - 3500,3400, C32, C27, C18.pdf",1154293,6,6801,ok,"texts\4.0 Component Rebuild (CRC)__4.05 HSEC - CRC__3. Quick Win__Engine Piston Pin Extractor - 3500,3400, C32, C27, C18.txt"
4.0 Component Rebuild (CRC)\4.05 HSEC - CRC\3. Quick Win\Proper Lighting Provides Effective Working Environment.pdf,219176,5,12484,ok,texts\4.0 Component Rebuild (CRC)__4.05 HSEC - CRC__3. Quick Win__Proper Lighting Provides Effective Working Environment.txt
4.0 Component Rebuild (CRC)\4.05 HSEC - CRC\3. Quick Win\Protection Cage for Hydraulic Press.pdf,256980,4,4292,ok,texts\4.0 Component Rebuild (CRC)__4.05 HSEC - CRC__3. Quick Win__Protection Cage for Hydraulic Press.txt
4.0 Component Rebuild (CRC)\4.05 HSEC - CRC\3. Quick Win\Remote Control Cameras in Dyno Room Improve Safety.pdf,223155,4,3945,ok,texts\4.0 Component Rebuild (CRC)__4.05 HSEC - CRC__3. Quick Win__Remote Control Cameras in Dyno Room Improve Safety.txt
4.0 Component Rebuild (CRC)\4.05 HSEC - CRC\3. Quick Win\Safe Fuel Delivery at Engine Dyno.pdf,748518,4,4574,ok,texts\4.0 Component Rebuild (CRC)__4.05 HSEC - CRC__3. Quick Win__Safe Fuel Delivery at Engine Dyno.txt
5.0 MARC Management\5.01 MARC Market Strategy and Rate Development\1. Strategic\MARC Rate Development.pdf,462953,14,24110,ok,texts\5.0 MARC Management__5.01 MARC Market Strategy and Rate Development__1. Strategic__MARC Rate Development.txt
5.0 MARC Management\5.01 MARC Market Strategy and Rate Development\2. Tactical\Building Operational Budgets.pdf,957845,5,10390,ok,texts\5.0 MARC Management__5.01 MARC Market Strategy and Rate Development__2. Tactical__Building Operational Budgets.txt
5.0 MARC Management\5.01 MARC Market Strategy and Rate Development\2. Tactical\Ensuring MARC Profitability.pdf,56080,4,6066,ok,texts\5.0 MARC Management__5.01 MARC Market Strategy and Rate Development__2. Tactical__Ensuring MARC Profitability.txt
5.0 MARC Management\5.01 MARC Market Strategy and Rate Development\3. Quick Win\Localizing a Centerline File for MARC Rate Development.pdf,3280322,6,15621,error,
5.0 MARC Management\5.01 MARC Market Strategy and Rate Development\3. Quick Win\Updating BUILDER files with Current Parts.pdf,122173,4,7855,ok,texts\5.0 MARC Management__5.01 MARC Market Strategy and Rate Development__3. Quick Win__Updating BUILDER files with Current Parts.txt
5.0 MARC Management\5.02 Contract Development and Implementation\1. Strategic\Developing a MARC Management Plan.pdf,183579,11,12452,ok,texts\5.0 MARC Management__5.02 Contract Development and Implementation__1. Strategic__Developing a MARC Management Plan.txt
5.0 MARC Management\5.02 Contract Development and Implementation\2. Tactical\Considerations When Extending a MARC.pdf,1044968,3,5577,ok,texts\5.0 MARC Management__5.02 Contract Development and Implementation__2. Tactical__Considerations When Extending a MARC.txt
5.0 MARC Management\5.02 Contract Development and Implementation\2. Tactical\Contract Language Reference.pdf,1816418,8,25673,ok,texts\5.0 MARC Management__5.02 Contract Development and Implementation__2. Tactical__Contract Language Reference.txt
5.0 MARC Management\5.02 Contract Development and Implementation\3. Quick Win\Escalating MARCs Based on Forecasted Parts Consumption.pdf,2966116,4,8146,error,
5.0 MARC Management\5.03 Contract Management\2. Tactical\Managing Contract Health Utilizing Metrics.pdf,1320932,12,22508,ok,texts\5.0 MARC Management__5.03 Contract Management__2. Tactical__Managing Contract Health Utilizing Metrics.txt
5.0 MARC Management\5.03 Contract Management\2. Tactical\MCTS used to Manage & Monitor Component Life.pdf,1638215,10,16081,ok,texts\5.0 MARC Management__5.03 Contract Management__2. Tactical__MCTS used to Manage & Monitor Component Life.txt
5.0 MARC Management\5.03 Contract Management\2. Tactical\Technical Labor Requirements for Mine Sites.pdf,2739931,4,8507,ok,texts\5.0 MARC Management__5.03 Contract Management__2. Tactical__Technical Labor Requirements for Mine Sites.txt
5.0 MARC Management\5.03 Contract Management\2. Tactical\Using BUILDER™ to Generate the Most Comprehensive PM Checklist.pdf,876762,6,6946,ok,texts\5.0 MARC Management__5.03 Contract Management__2. Tactical__Using BUILDER™ to Generate the Most Comprehensive PM Checklist.txt
5.0 MARC Management\5.04 Financial Management\1. Strategic\Accrual Accounting for Maintenance & Repair Contracts.pdf,80288,6,13653,ok,texts\5.0 MARC Management__5.04 Financial Management__1. Strategic__Accrual Accounting for Maintenance & Repair Contracts.txt
5.0 MARC Management\5.04 Financial Management\1. Strategic\Developing a Cost Management Software Tool.pdf,563197,13,21557,ok,texts\5.0 MARC Management__5.04 Financial Management__1. Strategic__Developing a Cost Management Software Tool.txt
5.0 MARC Management\5.04 Financial Management\1. Strategic\Understanding the Sarbanes-Oxley Act of 2002.pdf,177841,5,11952,ok,texts\5.0 MARC Management__5.04 Financial Management__1. Strategic__Understanding the Sarbanes-Oxley Act of 2002.txt
5.0 MARC Management\5.04 Financial Management\2. Tactical\ANALYZER - Data Validation.pdf,4876788,4,6996,ok,texts\5.0 MARC Management__5.04 Financial Management__2. Tactical__ANALYZER - Data Validation.txt
5.0 MARC Management\5.04 Financial Management\2. Tactical\ANALYZER - Managing Uncleansed Work Orders.pdf,82823,4,7849,ok,texts\5.0 MARC Management__5.04 Financial Management__2. Tactical__ANALYZER - Managing Uncleansed Work Orders.txt
5.0 MARC Management\5.04 Financial Management\2. Tactical\MARC Financial Audit Procedure.pdf,239788,4,7030,ok,texts\5.0 MARC Management__5.04 Financial Management__2. Tactical__MARC Financial Audit Procedure.txt
5.0 MARC Management\5.04 Financial Management\3. Quick Win\ANALYZER - Recalculation Process Improves Projection Accuracy.pdf,100906,5,9372,ok,texts\5.0 MARC Management__5.04 Financial Management__3. Quick Win__ANALYZER - Recalculation Process Improves Projection Accuracy.txt
7495 HD Roller Collars Handling Tool.pdf,543752,4,3843,ok,texts\7495 HD Roller Collars Handling Tool.txt
"7495 Shovels – Testing and Assessing Condition of the IGBT Skid DC Bus Capacitor Bank, as well as Discharge and Ground Tie Resistors.pdf",6758715,21,24635,ok,"texts\7495 Shovels – Testing and Assessing Condition of the IGBT Skid DC Bus Capacitor Bank, as well as Discharge and Ground Tie Resistors.txt"
A Lean Strategy for Reducing Major Component R&I Downtime through Planning and Implementation.pdf,621733,11,22646,ok,texts\A Lean Strategy for Reducing Major Component R&I Downtime through Planning and Implementation.txt
A Method for Chassis Center Tube Alignment on 793D Mining Trucks.pdf,1004065,8,9601,ok,texts\A Method for Chassis Center Tube Alignment on 793D Mining Trucks.txt
A Method for Failure Analysis for the 994K Pre-Lubrication System.pdf,683195,9,13275,ok,texts\A Method for Failure Analysis for the 994K Pre-Lubrication System.txt
A PM Model to Deliver Higher Availability for 794AC Trucks.pdf,2413405,11,18757,ok,texts\A PM Model to Deliver Higher Availability for 794AC Trucks.txt
A Roadmap to Planning and Perform a “NMI - New Marketing Introduction” for CAT Electric Drive Trucks.pdf,3568287,23,38107,ok,texts\A Roadmap to Planning and Perform a “NMI - New Marketing Introduction” for CAT Electric Drive Trucks.txt
Adjusting the LED Lamps Intensity on the 794 Truck's Dash Panel for Nighttime Operation.pdf,398930,5,5961,ok,texts\Adjusting the LED Lamps Intensity on the 794 Truck's Dash Panel for Nighttime Operation.txt
Auxiliary DriveShaft Bolt Tightening Tool for Engine Auxiliary Drive Shaft C175.pdf,1751658,7,5464,ok,texts\Auxiliary DriveShaft Bolt Tightening Tool for Engine Auxiliary Drive Shaft C175.txt
Backlog Runtime Optimization for Mining Equipments.pdf,517399,6,8644,ok,texts\Backlog Runtime Optimization for Mining Equipments.txt
Basket to Storage Caps C175-16 and C175-20.pdf,1196545,6,4507,ok,texts\Basket to Storage Caps C175-16 and C175-20.txt
Blade Edge Wear Levels Monitoring Using a Color Gauge on 16H16M16 Motor Grader.pdf,522737,6,7449,ok,texts\Blade Edge Wear Levels Monitoring Using a Color Gauge on 16H16M16 Motor Grader.txt
Bucket Stop Measuring Device for 994H Wheel Loader.pdf,484396,7,8113,ok,texts\Bucket Stop Measuring Device for 994H Wheel Loader.txt
C175 Cylinder Block Flushing.pdf,778577,6,8131,ok,texts\C175 Cylinder Block Flushing.txt
CAT 988H - Cooling System Temperature Measurement Optimization.pdf,379301,5,6419,ok,texts\CAT 988H - Cooling System Temperature Measurement Optimization.txt
Change Assembly Superbolts Hoist Pedestal - CAT 7495.pdf,951766,6,6210,ok,texts\Change Assembly Superbolts Hoist Pedestal - CAT 7495.txt
Chassis Stands Guidelines for Effective Assembly for 794AC Electric Mining Trucks.pdf,5475559,12,15104,ok,texts\Chassis Stands Guidelines for Effective Assembly for 794AC Electric Mining Trucks.txt
Component Management.pdf,1895658,20,49055,ok,texts\Component Management.txt
Cylinder Liner Projection Tool for 3500 Engine Block.pdf,1912249,17,11634,ok,texts\Cylinder Liner Projection Tool for 3500 Engine Block.txt
Disassembly Tool for Servo Piston of 320 and 324D Hydraulic Pumps.pdf,859208,5,5744,ok,texts\Disassembly Tool for Servo Piston of 320 and 324D Hydraulic Pumps.txt
Drawbar Inspection and Adjustment Procedure for Motor Grader 16M3-16.pdf,511413,4,5360,ok,texts\Drawbar Inspection and Adjustment Procedure for Motor Grader 16M3-16.txt
Drilling Deck Platform MD6420.pdf,1642277,8,8162,ok,texts\Drilling Deck Platform MD6420.txt
Eliminating Live Work When Purging Air from the Brake System on 785C Trucks.pdf,748037,11,11651,ok,texts\Eliminating Live Work When Purging Air from the Brake System on 785C Trucks.txt
Elimination of Live Work - Checking HMS Slew Ring Tilting Play.pdf,2692805,16,13242,ok,texts\Elimination of Live Work - Checking HMS Slew Ring Tilting Play.txt
Final Drive Gear-Coupling Assembly Tool for Multiple HEX.pdf,559996,4,5074,ok,texts\Final Drive Gear-Coupling Assembly Tool for Multiple HEX.txt
Front Spindle Salvage on Vertical Lathe.pdf,2226820,20,13950,ok,texts\Front Spindle Salvage on Vertical Lathe.txt
Front Wheels Oil Drain Optimization for 777G OHT.pdf,717331,12,10424,ok,texts\Front Wheels Oil Drain Optimization for 777G OHT.txt
HMS 6030 Engine and Pump Drive PCR Stand.pdf,1234454,6,6321,ok,texts\HMS 6030 Engine and Pump Drive PCR Stand.txt
Hydraulic Wrench for CAT 330 Excavator Final Drive.pdf,1046090,13,10134,ok,texts\Hydraulic Wrench for CAT 330 Excavator Final Drive.txt
Identifying Availability Loss Factors through Downtime Stratification by CPI and PN.pdf,1815399,11,25276,ok,texts\Identifying Availability Loss Factors through Downtime Stratification by CPI and PN.txt
Illumination in the PLC Cabinet - MD6640.pdf,331317,4,5611,ok,texts\Illumination in the PLC Cabinet - MD6640.txt
Improved Assembly Process of the 793D-F XL Front Brake.pdf,410707,7,9811,ok,texts\Improved Assembly Process of the 793D-F XL Front Brake.txt
Improved GPS Antenna Harness Routing in 794AC Commend Trucks.pdf,1510905,12,12388,ok,texts\Improved GPS Antenna Harness Routing in 794AC Commend Trucks.txt
Improved Procedure for Removing the Camshaft from D11 Fusion Tractors.pdf,709064,8,9593,ok,texts\Improved Procedure for Removing the Camshaft from D11 Fusion Tractors.txt
Improvement in the Refrigerant Dryer Replacement Process of the Air Conditioner System for 793F Fleet.pdf,387314,5,6327,ok,texts\Improvement in the Refrigerant Dryer Replacement Process of the Air Conditioner System for 793F Fleet.txt
Improving Ripper Cylinder Performance thru D11.pdf,463504,6,6672,ok,texts\Improving Ripper Cylinder Performance thru D11.txt
Improving Safety During Repair Management of the 994K.pdf,2139872,5,6240,ok,texts\Improving Safety During Repair Management of the 994K.txt
Improving the Fluid Cleanliness through 16M Motor Graders.pdf,471462,6,7051,ok,texts\Improving the Fluid Cleanliness through 16M Motor Graders.txt
Improving the Shutdown Switch Positioning on 793D Mining Trucks.pdf,2049187,10,8914,ok,texts\Improving the Shutdown Switch Positioning on 793D Mining Trucks.txt
Increasing MTBF by Installing a Second Primary Fuel Filter at 994K Wheel Loader.pdf,1336530,8,10527,ok,texts\Increasing MTBF by Installing a Second Primary Fuel Filter at 994K Wheel Loader.txt
Inversion of 793D A-Frame Pin.pdf,705045,7,8841,ok,texts\Inversion of 793D A-Frame Pin.txt
Management of Structures.pdf,1061728,11,21835,ok,texts\Management of Structures.txt
Managing Haul Road Defects with MineStarTM Edge and HEI.pdf,933484,10,17482,ok,texts\Managing Haul Road Defects with MineStarTM Edge and HEI.txt
Manual Spray Booth for Thermal Arc Spraying Small Parts.pdf,878341,6,8507,ok,texts\Manual Spray Booth for Thermal Arc Spraying Small Parts.txt
Mounting Fixture for Metal Spray Gun.pdf,380413,8,6009,ok,texts\Mounting Fixture for Metal Spray Gun.txt
Off-Highway Trucks - Quick Diagnostic Tool for AC Failure.pdf,907281,8,9015,ok,texts\Off-Highway Trucks - Quick Diagnostic Tool for AC Failure.txt
Oil Patch Analysis During Engine Dyno Test.pdf,1934162,9,12883,ok,texts\Oil Patch Analysis During Engine Dyno Test.txt
Operator Induced Event Reporting.pdf,921773,6,8241,ok,texts\Operator Induced Event Reporting.txt
Optimized Components Replacing Process of the 793D-F Fleet.pdf,1506608,8,11439,ok,texts\Optimized Components Replacing Process of the 793D-F Fleet.txt
Performing Condition Monitoring Management Process to Save Component Life in Lift Cylinders.pdf,1223403,8,12426,ok,texts\Performing Condition Monitoring Management Process to Save Component Life in Lift Cylinders.txt
"Pipe Rack Interlock Switch on MD6290, MD6240 and MD6420 Models.pdf",562108,6,7804,ok,"texts\Pipe Rack Interlock Switch on MD6290, MD6240 and MD6420 Models.txt"
Piston (Pump) Clearance Measuring Tool.pdf,18959952,6,6357,ok,texts\Piston (Pump) Clearance Measuring Tool.txt
Plateau Honing Recovery of C175 and 3500 Liners.pdf,636032,8,7582,ok,texts\Plateau Honing Recovery of C175 and 3500 Liners.txt
Power Wedge Improvement Adapter Retention System GET 7495.pdf,3857534,10,10893,ok,texts\Power Wedge Improvement Adapter Retention System GET 7495.txt
Primary Air Filters Removal Tool for 789D OHT’s.pdf,6742244,7,7473,ok,texts\Primary Air Filters Removal Tool for 789D OHT’s.txt
Procedure to Measure End Play for the Fan Drive on 785C-D Engines.pdf,810301,7,7814,ok,texts\Procedure to Measure End Play for the Fan Drive on 785C-D Engines.txt
Pump Transport Apparatus.pdf,923981,5,5237,ok,texts\Pump Transport Apparatus.txt
Repositioning of the Connection Box - CAT 7495.pdf,618422,7,8146,ok,texts\Repositioning of the Connection Box - CAT 7495.txt
Rolling Maintenance Parts for Reducing PM Time 794 and 798 AC.pdf,1052438,7,8035,ok,texts\Rolling Maintenance Parts for Reducing PM Time 794 and 798 AC.txt
Salvage C175 Engine Block Coolant Passage Using Metal Spray.pdf,1100302,6,6846,ok,texts\Salvage C175 Engine Block Coolant Passage Using Metal Spray.txt
Salvage C175 Engine Cylinder Block Upper and Lower Liner Bores Using Metal Spray.pdf,1305846,6,6893,ok,texts\Salvage C175 Engine Cylinder Block Upper and Lower Liner Bores Using Metal Spray.txt
Setting Up the Metal Spray Robot Using a Cone Tool.pdf,397328,5,6033,ok,texts\Setting Up the Metal Spray Robot Using a Cone Tool.txt
"Sprocket Segments Tool for Bolts Installation - D10R, D10N and D10T.pdf",743403,6,6742,ok,"texts\Sprocket Segments Tool for Bolts Installation - D10R, D10N and D10T.txt"
Steering Cylinder Sensor Centering Tool - 794AC.pdf,1148486,8,5414,ok,texts\Steering Cylinder Sensor Centering Tool - 794AC.txt
Swing Motor Sensors Position Change on HMS 6060AC.pdf,996592,7,8093,ok,texts\Swing Motor Sensors Position Change on HMS 6060AC.txt
TIR - Technical Information Release Process.pdf,1089386,7,11359,ok,texts\TIR - Technical Information Release Process.txt
Tool and Process to Purge the 794AC Hydraulic System to Prevent Pump Damage after Draining Fluid.pdf,511167,6,7837,ok,texts\Tool and Process to Purge the 794AC Hydraulic System to Prevent Pump Damage after Draining Fluid.txt
Tool for Bolts Installation in the D11R D11N D11T Sprocket Segments.pdf,255903,6,7298,ok,texts\Tool for Bolts Installation in the D11R D11N D11T Sprocket Segments.txt
Tool to Isolate Air Intake Lines for Pre-Cleaner Washing Process.pdf,1043204,6,7912,ok,texts\Tool to Isolate Air Intake Lines for Pre-Cleaner Washing Process.txt
Track Removal Tool D11-D11T.pdf,8133692,7,7779,ok,texts\Track Removal Tool D11-D11T.txt
Transmission Carrier Disassembly Tool.pdf,16185100,6,7763,ok,texts\Transmission Carrier Disassembly Tool.txt
Upgrade Pulley Carrier MD6420-16.pdf,1490112,9,10400,ok,texts\Upgrade Pulley Carrier MD6420-16.txt
Using Magnetic Plug to Monitor the Pump Drive Wear on Certain 785C-D and 789C-D.pdf,469924,5,5847,ok,texts\Using Magnetic Plug to Monitor the Pump Drive Wear on Certain 785C-D and 789C-D.txt
Using Video Overlay for Communication of Mine Site Opportunities.pdf,5361625,13,22870,ok,texts\Using Video Overlay for Communication of Mine Site Opportunities.txt
Utilizing Downtime Analysis to Improve Availability.pdf,1234431,14,28242,ok,texts\Utilizing Downtime Analysis to Improve Availability.txt
Wear Cap Installation Tool for ERS 7495.pdf,594438,5,6134,ok,texts\Wear Cap Installation Tool for ERS 7495.txt
